timestamp,person,bicycle,car,motorcycle,bus,truck,total_vehicles,temp,humidity,wind_speed,rain,rain_mm,traffic_smooth,recon_error,spike,autoencoder_flag,spike_flag,is_anomaly
2017-09-11 13:56:00,0,0,694,0,3,1,670.3949002942027,25.453333333333333,44.13333333333333,6.84,0.0,0.0,672.3897025171515,0.010443171069053703,1.994802222948806,True,False,True
2017-09-11 13:57:00,1,0,629,0,3,0,663.8074534161384,25.465,44.1,6.855,0.0,0.0,675.2446224256183,0.010435526119992752,11.43716900947993,True,False,True
2017-09-11 13:58:00,26,0,501,0,12,7,642.9212160836764,25.476666666666667,44.06666666666667,6.87,0.0,0.0,674.2502778685734,0.010453290238333891,31.32906178489702,True,False,True
2017-09-11 13:59:00,9,0,778,0,9,0,616.4821837201597,25.488333333333333,44.03333333333333,6.885000000000001,0.0,0.0,672.1542007191782,0.01050659924839492,55.672016999018524,True,False,True
2017-09-11 14:00:00,0,0,857,0,7,0,576.0640732265352,25.5,44.0,6.9,0.0,0.0,666.1440339980276,0.010608783964916215,90.07996077149232,True,False,True
2017-09-11 14:01:00,0,0,671,0,7,2,547.2893102320928,25.495,43.98333333333333,6.933333333333334,0.0,0.0,656.2353710362754,0.010759030244013156,108.9460608041826,True,True,True
2017-09-11 14:02:00,0,0,23,0,0,0,538.728669499828,25.49,43.96666666666667,6.966666666666667,0.0,0.0,640.3917947041411,0.010995434612763755,101.66312520431313,True,False,True
2017-09-11 14:08:00,0,0,249,0,5,0,527.0313828048297,25.46,43.86666666666667,7.166666666666667,0.0,0.0,619.9379862700127,0.01131740644334291,92.90660346518303,True,False,True
2017-09-11 14:09:00,8,0,563,0,2,3,520.0153644981935,25.455,43.85,7.2,0.0,0.0,600.4640078456913,0.011784149952397545,80.44864334749775,True,False,True
2017-09-11 14:10:00,12,0,639,0,2,0,512.3765936580496,25.45,43.833333333333336,7.233333333333333,0.0,0.0,581.5111147433706,0.012312018532470987,69.13452108532101,True,False,True
2017-09-11 14:11:00,0,0,599,0,7,0,537.815952925784,25.445,43.81666666666667,7.266666666666667,0.0,0.0,568.2532200065287,0.012863700301943413,30.437267080744732,True,False,True
2017-09-11 14:12:00,0,0,466,0,2,1,553.8077803203571,25.44,43.8,7.300000000000001,0.0,0.0,557.2532526969505,0.0133709255548335,3.445472376593443,True,False,True
2017-09-11 14:13:00,0,0,404,0,3,0,553.4164759725313,25.435,43.78333333333333,7.333333333333334,0.0,0.0,548.3027786858362,0.013863490050049722,5.113697286695128,True,False,True
2017-09-11 14:14:00,8,0,573,0,3,5,547.8976789800499,25.43,43.766666666666666,7.366666666666667,0.0,0.0,541.4443282118252,0.014474876882721383,6.453350768224709,True,False,True
2017-09-11 14:15:00,0,0,776,0,15,3,579.9568486433385,25.425,43.75,7.4,0.0,0.0,541.8336057535055,0.015118481404394488,38.12324288983302,True,False,True
2017-09-11 14:16:00,0,0,609,1,2,13,617.0434782608608,25.42,43.73333333333333,7.433333333333334,0.0,0.0,548.8090225563823,0.0157096442715147,68.23445570447848,True,False,True
2017-09-11 14:17:00,0,0,705,0,6,2,663.8211833932564,25.415,43.71666666666667,7.466666666666667,0.0,0.0,561.3182739457251,0.016190198968519805,102.50290944753135,True,False,True
2017-09-11 14:18:00,0,0,636,0,0,1,644.583850931667,25.41,43.7,7.5,0.0,0.0,573.0735207584088,0.01664688791383146,71.51033017325824,True,False,True
2017-09-11 14:19:00,1,0,611,0,6,7,610.1006864988459,25.405,43.68333333333333,7.533333333333333,0.0,0.0,582.0820529584742,0.0170635857496535,28.018633540371752,True,False,True
2017-09-11 14:20:00,0,0,638,0,1,7,599.0480549198987,25.4,43.66666666666666,7.566666666666667,0.0,0.0,590.7491990846589,0.017511845433057057,8.298855835239806,True,False,True
2017-09-11 14:21:00,3,0,457,0,5,2,585.2314481856725,25.395,43.65,7.6,0.0,0.0,595.4907486106479,0.017957523568991454,10.259300424975322,True,False,True
2017-09-11 14:22:00,0,0,464,0,0,0,588.2275253350676,25.39,43.63333333333333,7.633333333333334,0.0,0.0,598.9327231121189,0.01845419500173933,10.70519777705124,True,False,True
2017-09-11 14:23:00,1,0,596,0,36,27,564.3102321019854,25.385,43.61666666666667,7.666666666666667,0.0,0.0,600.0220987250643,0.019081860096456585,35.71186662307889,True,False,True
2017-09-11 14:24:00,0,0,650,0,6,42,554.6665576985847,25.38,43.6,7.7,0.0,0.0,600.6989865969177,0.01969427713198892,46.03242889833302,True,False,True
2017-09-11 14:25:00,1,0,476,0,0,0,533.1278195488628,25.375,43.583333333333336,7.733333333333333,0.0,0.0,596.0160836874702,0.020266402134214188,62.88826413860738,True,False,True
2017-09-11 14:26:00,0,0,578,2,1,0,535.6286368094055,25.37,43.56666666666667,7.7666666666666675,0.0,0.0,587.8745995423246,0.020844285112845303,52.24596273291911,True,False,True
2017-09-11 14:27:00,2,0,308,0,0,7,528.1402419091113,25.365,43.55,7.800000000000001,0.0,0.0,574.3065053939101,0.021506264639445157,46.16626348479883,True,False,True
2017-09-11 14:28:00,2,0,382,0,5,1,513.734880679952,25.36,43.53333333333333,7.833333333333334,0.0,0.0,561.2216083687387,0.022236664049696247,47.48672768878669,True,False,True
2017-09-11 14:29:00,0,0,605,0,0,3,506.5047401111392,25.355,43.516666666666666,7.866666666666667,0.0,0.0,550.8620137299679,0.02285987613174721,44.357273618828685,True,False,True
2017-09-11 14:30:00,0,0,531,0,5,0,507.9905197776968,25.35,43.5,7.9,0.0,0.0,541.7562602157478,0.023437657946694043,33.76574043805101,True,False,True
2017-09-11 14:31:00,0,0,690,0,1,2,517.0647270349701,25.345,43.48333333333333,7.933333333333334,0.0,0.0,534.9395881006775,0.02396922690745786,17.874861065707364,True,False,True
2017-09-11 14:32:00,0,0,417,1,12,11,501.0977443608938,25.34,43.46666666666667,7.966666666666667,0.0,0.0,526.2266100032602,0.024404419624550196,25.128865642366463,True,False,True
2017-09-11 14:33:00,0,0,650,1,0,1,475.1585485452681,25.335,43.45,8.0,0.0,0.0,517.3114416475885,0.024748845781970435,42.15289310232038,True,False,True
2017-09-11 14:34:00,0,0,275,0,3,4,461.72016999018575,25.33,43.43333333333333,8.033333333333333,0.0,0.0,508.01680287674856,0.024964092953358944,46.296632886562804,True,False,True
2017-09-11 14:35:00,1,0,512,1,1,1,477.7162471395808,25.325,43.41666666666666,8.066666666666666,0.0,0.0,502.47564563582034,0.025156627949196438,24.759398496239555,True,False,True
2017-09-11 14:36:00,1,0,401,0,2,0,485.1837201699825,25.32,43.4,8.1,0.0,0.0,497.431153971878,0.02536028572887488,12.247433801895511,True,False,True
2017-09-11 14:37:00,1,0,375,0,1,0,484.11212814644574,25.315,43.38333333333333,8.133333333333333,0.0,0.0,493.0283425956115,0.02564374175495855,8.91621444916575,True,False,True
2017-09-11 14:38:00,3,0,601,0,0,0,469.0026152337291,25.31,43.36666666666667,8.166666666666668,0.0,0.0,488.55511605098917,0.026035725000519993,19.552500817260068,True,False,True
2017-09-11 14:39:00,3,0,510,0,1,0,450.68551814317686,25.305,43.35,8.200000000000001,0.0,0.0,482.97319385419297,0.02652402900256616,32.28767571101611,True,False,True
2017-09-11 14:40:00,0,0,398,0,3,4,463.3762667538334,25.3,43.333333333333336,8.233333333333334,0.0,0.0,478.51176855180665,0.027139269555649985,15.135501797973234,True,False,True
2017-09-11 14:41:00,2,0,302,0,0,4,468.2236024844641,25.295,43.31666666666667,8.266666666666667,0.0,0.0,473.6276560967561,0.027831497276772862,5.404053612291989,True,False,True
2017-09-11 14:42:00,0,0,437,0,2,6,484.4550506701456,25.29,43.3,8.3,0.0,0.0,471.96338672768127,0.028639871304508895,12.491663942464356,True,False,True
2017-09-11 14:43:00,9,0,560,0,2,1,471.7652827721401,25.285,43.28333333333333,8.333333333333334,0.0,0.0,471.6240601503684,0.029490144002555986,0.14122262177170342,True,False,True
2017-09-11 14:44:00,2,0,682,0,4,0,490.3798627002211,25.28,43.266666666666666,8.366666666666667,0.0,0.0,474.49002942137196,0.03036476208525894,15.889833278849153,True,False,True
2017-09-11 14:45:00,0,0,430,0,0,6,473.26315789472926,25.275,43.25,8.4,0.0,0.0,474.0447204968867,0.031293476565830265,0.7815626021574644,True,False,True
2017-09-11 14:46:00,2,0,323,0,3,1,458.0395554102579,25.27,43.23333333333333,8.433333333333334,0.0,0.0,471.33030402091435,0.032279963720596765,13.290748610656465,True,False,True
2017-09-11 14:47:00,2,0,537,1,7,7,454.3582870218957,25.265,43.21666666666667,8.466666666666667,0.0,0.0,468.3549199084593,0.0332797356282696,13.996632886563589,True,False,True
2017-09-11 14:48:00,6,0,478,0,2,1,440.2935599869169,25.26,43.2,8.5,0.0,0.0,465.48401438377806,0.03420312793484486,25.190454396861185,True,False,True
2017-09-11 14:49:00,3,0,554,0,0,0,433.8149722131354,25.255,43.18333333333333,8.533333333333333,0.0,0.0,463.79695979077394,0.0351208314517506,29.981987577638563,True,False,True
2017-09-11 14:50:00,0,0,323,0,0,4,436.50081726053656,25.25,43.16666666666666,8.566666666666666,0.0,0.0,461.1094148414442,0.03598650667036568,24.608597580907656,True,False,True
2017-09-11 14:51:00,0,0,327,0,5,1,426.9136972866893,25.245,43.15,8.6,0.0,0.0,456.9784243216667,0.03683778532268467,30.06472703497741,True,False,True
2017-09-11 14:52:00,5,0,317,1,7,6,424.83850931676426,25.24,43.13333333333333,8.633333333333333,0.0,0.0,451.01677018632864,0.03764879470054872,26.178260869564383,True,False,True
2017-09-11 14:53:00,9,0,506,0,4,0,440.2755802549784,25.235,43.11666666666667,8.666666666666668,0.0,0.0,447.8677999346125,0.03844968315132634,7.59221967963407,True,False,True
2017-09-11 14:54:00,0,0,323,0,1,1,453.41222621771135,25.23,43.1,8.700000000000001,0.0,0.0,444.1710362863615,0.039234114202841466,9.241189931349822,True,False,True
2017-09-11 14:55:00,0,0,420,0,1,1,477.7741091860018,25.225,43.083333333333336,8.733333333333334,0.0,0.0,444.62213141548875,0.03998898862097286,33.15197777051304,True,False,True
2017-09-11 14:56:00,0,0,637,0,7,1,494.1869892121538,25.22,43.06666666666667,8.766666666666667,0.0,0.0,448.2368747956783,0.04069321352545129,45.95011441647546,True,False,True
2017-09-11 14:57:00,0,0,409,1,0,0,496.3828048381752,25.215,43.05,8.8,0.0,0.0,452.4393265773063,0.04127623745460742,43.943478260868915,True,False,True
2017-09-11 14:58:00,0,0,487,0,1,3,530.7218045112703,25.21,43.03333333333333,8.833333333333334,0.0,0.0,461.48215102974166,0.04182586664753174,69.23965348152865,True,False,True
2017-09-11 14:59:00,2,0,680,1,0,4,546.4939522719765,25.205,43.016666666666666,8.866666666666667,0.0,0.0,472.7500490356257,0.04223176430939946,73.74390323635077,True,False,True
2017-09-11 15:00:00,0,0,594,4,0,0,573.3056554429473,25.2,43.0,8.9,0.0,0.0,486.4305328538668,0.042548370526747765,86.87512258908055,True,False,True
2017-09-11 15:01:00,0,0,741,0,5,1,576.6933638443855,25.19,43.06666666666667,8.870000000000001,0.0,0.0,501.4084995096364,0.04272903151098481,75.28486433474916,True,False,True
2017-09-11 15:02:00,0,0,557,0,8,1,567.7796665576907,25.18,43.13333333333333,8.84,0.0,0.0,515.702615233729,0.042747969929162875,52.077051323961655,True,False,True
2017-09-11 15:03:00,0,0,388,0,8,2,571.728342595611,25.17,43.2,8.81,0.0,0.0,528.8478914677924,0.0426890573551283,42.880451127818674,True,False,True
2017-09-11 15:04:00,1,0,546,1,3,1,584.8489702517077,25.16,43.266666666666666,8.780000000000001,0.0,0.0,541.9915658711919,0.04253921845016287,42.85740438051573,True,False,True
2017-09-11 15:05:00,1,0,610,4,5,0,583.6881333769112,25.15,43.333333333333336,8.75,0.0,0.0,552.5829682902829,0.04241295960946385,31.10516508662829,True,False,True
2017-09-11 15:06:00,0,0,549,0,5,0,538.3448839489948,25.14,43.4,8.72,0.0,0.0,556.998757763967,0.042282938620484566,18.653873814972144,True,False,True
2017-09-11 15:07:00,0,0,629,2,1,0,557.0686498855752,25.13,43.46666666666667,8.69,0.0,0.0,563.0673422687071,0.04214731236158972,5.9986923831319245,True,False,True
2017-09-11 15:08:00,0,0,379,0,0,2,550.2137953579511,25.12,43.53333333333333,8.66,0.0,0.0,565.0165413533751,0.04186863789937437,14.802745995424061,True,False,True
2017-09-11 15:09:00,1,0,559,0,0,0,534.9087937234302,25.11,43.6,8.63,0.0,0.0,563.8580254985204,0.041529925491873204,28.949231775090198,True,False,True
2017-09-11 15:10:00,0,0,491,1,2,1,547.6096763648159,25.1,43.66666666666666,8.6,0.0,0.0,561.2884275907073,0.041128724429371474,13.67875122589146,True,False,True
2017-09-11 15:11:00,0,0,558,0,10,1,545.3850931676925,25.09,43.73333333333333,8.57,0.0,0.0,558.157600523038,0.040647324422894864,12.77250735534551,True,False,True
2017-09-11 15:12:00,0,0,709,0,5,1,546.1892775416715,25.08,43.8,8.540000000000001,0.0,0.0,555.9985616214361,0.040121583323372366,9.809284079764666,True,False,True
2017-09-11 15:13:00,0,0,477,0,0,0,533.0653808434045,25.07,43.86666666666667,8.51,0.0,0.0,552.1322654462155,0.039411759713657846,19.066884602811,True,False,True
2017-09-11 15:14:00,0,0,441,0,2,0,512.4566851912308,25.06,43.93333333333333,8.48,0.0,0.0,544.8930369401677,0.03868025057819443,32.436351748936886,True,False,True
2017-09-11 15:15:00,0,0,315,0,0,1,505.8649885583443,25.05,44.0,8.45,0.0,0.0,537.110722458311,0.03788035190022062,31.245733899966694,True,False,True
2017-09-11 15:16:00,0,0,993,0,2,2,506.1742399476875,25.04,44.06666666666667,8.42,0.0,0.0,533.8936580581803,0.03696913242709294,27.719418110492825,True,False,True
2017-09-11 15:17:00,0,0,386,0,2,1,503.2353710362786,25.03,44.13333333333333,8.39,0.0,0.0,528.5103301732507,0.03599743478140296,25.274959136972143,True,False,True
2017-09-11 15:18:00,0,0,420,0,4,0,514.2540045766509,25.02,44.2,8.36,0.0,0.0,524.9143510951207,0.03507709831261893,10.660346518469737,True,False,True
2017-09-11 15:19:00,0,0,538,0,1,0,505.06080418436574,25.01,44.266666666666666,8.33,0.0,0.0,521.9295521412142,0.0341671302901212,16.868747956848495,True,False,True
2017-09-11 15:20:00,0,0,303,0,2,0,504.2925792742642,25.0,44.333333333333336,8.3,0.0,0.0,517.597842432159,0.03327091198673261,13.305263157894842,True,False,True
2017-09-11 15:21:00,0,0,376,1,1,0,497.3206930369317,24.99,44.4,8.27,0.0,0.0,512.7914024190829,0.03245249752507531,15.470709382151256,True,False,True
2017-09-11 15:22:00,0,0,513,0,4,0,500.1160509970491,24.98,44.46666666666667,8.24,0.0,0.0,508.1840797646208,0.031808859552087794,8.068028767571661,True,False,True
2017-09-11 15:23:00,0,0,617,0,0,0,506.1049362536692,24.97,44.53333333333333,8.21,0.0,0.0,505.4880353056472,0.03137882286826887,0.6169009480220211,True,False,True
2017-09-11 15:24:00,0,0,570,0,0,0,486.28506047727217,24.96,44.6,8.18,0.0,0.0,502.8708728342514,0.031036428208787048,16.585812356979204,True,False,True
2017-09-11 15:25:00,0,0,515,0,1,0,466.8283752860335,24.95,44.66666666666666,8.15,0.0,0.0,498.96721150702024,0.030792851837933243,32.13883622098672,True,False,True
2017-09-11 15:26:00,0,0,511,0,3,0,433.65086629616775,24.94,44.73333333333333,8.12,0.0,0.0,491.7148741418682,0.030704645863872625,58.06400784570047,True,False,True
2017-09-11 15:27:00,0,0,518,0,5,1,456.0160183066296,24.93,44.8,8.09,0.0,0.0,486.99293886890337,0.03070096650257442,30.97692056227379,True,False,True
2017-09-11 15:28:00,0,0,422,0,4,0,453.4998365478848,24.92,44.86666666666667,8.06,0.0,0.0,480.9175220660268,0.03076996886626368,27.41768551814198,True,False,True
2017-09-11 15:29:00,3,0,404,0,1,0,461.11441647596536,24.91,44.93333333333333,8.03,0.0,0.0,476.5228832951868,0.03091733583399348,15.408466819221417,True,False,True
2017-09-11 15:30:00,0,0,403,1,1,0,472.007518796985,24.9,45.0,8.0,0.0,0.0,473.29437724745884,0.031113342381375614,1.2868584504738578,True,False,True
2017-09-11 15:31:00,1,0,375,1,4,6,454.4033998038498,24.89,45.06666666666666,7.97,0.0,0.0,469.00264792415066,0.031287768763131024,14.599248120300842,True,False,True
2017-09-11 15:32:00,0,0,261,2,0,0,433.60869565216655,24.88,45.13333333333333,7.939999999999999,0.0,0.0,462.35191238966235,0.03148794468732669,28.7432167374958,True,False,True
2017-09-11 15:33:00,1,0,356,0,1,2,422.4893756129381,24.87,45.2,7.91,0.0,0.0,453.99035632558923,0.03168317388071263,31.500980712651142,True,False,True
2017-09-11 15:34:00,1,0,521,0,4,0,422.43772474664223,24.86,45.266666666666666,7.88,0.0,0.0,447.60562275252624,0.0319644291116028,25.167898005884012,True,False,True
2017-09-11 15:35:00,0,0,503,0,1,2,423.7541680287608,24.85,45.333333333333336,7.85,0.0,0.0,443.298202026799,0.032231995766027643,19.54403399803823,True,False,True
2017-09-11 15:36:00,0,0,545,0,5,1,428.3507682249033,24.84,45.4,7.82,0.0,0.0,442.7681922196725,0.03245177544065263,14.417423994769251,True,False,True
2017-09-11 15:37:00,0,0,585,0,11,1,423.22098725072937,24.83,45.46666666666667,7.79,0.0,0.0,439.48868911408255,0.03266069554433724,16.26770186335318,True,False,True
2017-09-11 15:38:00,0,0,469,0,2,0,434.3180778031976,24.82,45.53333333333333,7.76,0.0,0.0,437.5705132396138,0.032862999937088626,3.2524354364161923,True,False,True
2017-09-11 15:39:00,0,0,282,0,13,6,433.2000653808377,24.81,45.6,7.729999999999999,0.0,0.0,434.7790781301011,0.03302862118898403,1.57901274926337,True,False,True
2017-09-11 15:40:00,0,0,283,1,21,2,446.350441320687,24.8,45.66666666666666,7.699999999999999,0.0,0.0,432.2133703824713,0.03319082748262248,14.137070938215743,True,False,True
2017-09-11 15:41:00,0,0,402,0,3,1,459.0245178162736,24.79,45.73333333333333,7.67,0.0,0.0,432.6754821837136,0.03338833437892842,26.349035632560003,True,False,True
2017-09-11 15:42:00,1,0,449,0,9,0,462.523373651514,24.78,45.8,7.64,0.0,0.0,435.5669499836484,0.03353019907079125,26.956423667865636,True,False,True
2017-09-11 15:43:00,1,0,456,1,2,1,463.8600849950899,24.77,45.86666666666667,7.609999999999999,0.0,0.0,439.7040209218636,0.033649934633600644,24.156064073226275,True,False,True
2017-09-11 15:44:00,0,0,464,0,1,0,467.6077149395157,24.76,45.93333333333333,7.58,0.0,0.0,444.2210199411509,0.03369420783688443,23.38669499836476,True,False,True
2017-09-11 15:45:00,0,0,475,0,2,1,488.5684864334676,24.75,46.0,7.55,0.0,0.0,450.70245178162156,0.03372182607664333,37.866034651846064,True,False,True
2017-09-11 15:46:00,0,0,426,0,3,1,498.8244524354289,24.74,46.06666666666666,7.52,0.0,0.0,457.7498202026742,0.03370359802499686,41.07463223275471,True,False,True
2017-09-11 15:47:00,1,0,634,0,6,0,512.5760052304599,24.73,46.13333333333333,7.49,0.0,0.0,466.6853220006472,0.03359498914422245,45.89068322981274,True,False,True
2017-09-11 15:48:00,0,0,524,0,4,0,538.652500817253,24.72,46.2,7.46,0.0,0.0,477.11876430205274,0.03340843353904828,61.533736515200246,True,False,True
2017-09-11 15:49:00,0,0,678,0,8,0,566.156260215749,24.71,46.266666666666666,7.43,0.0,0.0,490.41438378554386,0.033134497370395574,75.74187643020508,True,False,True
2017-09-11 15:50:00,0,0,519,0,1,1,570.7237659365722,24.700000000000003,46.333333333333336,7.399999999999999,0.0,0.0,502.8517162471323,0.032757871411906225,67.87204968943996,True,False,True
2017-09-11 15:51:00,0,0,512,1,10,2,569.7920889179384,24.69,46.4,7.369999999999999,0.0,0.0,513.9284733572988,0.03229087949473725,55.86361556063957,True,False,True
2017-09-11 15:52:00,0,0,646,0,8,0,568.8944099378792,24.68,46.46666666666667,7.34,0.0,0.0,524.5655769859354,0.03177854976476992,44.32883295194381,True,False,True
2017-09-11 15:53:00,4,0,521,0,13,1,558.4272638116943,24.67,46.53333333333333,7.31,0.0,0.0,534.0222948675959,0.031153740099683816,24.404968944098414,True,False,True
2017-09-11 15:54:00,4,0,525,1,2,4,553.8342595619396,24.66,46.6,7.279999999999999,0.0,0.0,542.6449493298381,0.030439981451872256,11.189310232101434,True,False,True
2017-09-11 15:55:00,0,0,426,0,1,0,529.2719843085894,24.65,46.66666666666666,7.25,0.0,0.0,546.7152991173505,0.02963639616143732,17.4433148087611,True,False,True
2017-09-11 15:56:00,4,0,548,0,4,2,516.416802876749,24.64,46.73333333333333,7.22,0.0,0.0,548.4745341614823,0.02881674359553961,32.057731284733336,True,False,True
2017-09-11 15:57:00,0,0,603,1,1,0,509.4995096436659,24.630000000000003,46.8,7.19,0.0,0.0,548.1668846028031,0.027996360153823653,38.66737495913719,True,False,True
2017-09-11 15:58:00,3,0,544,0,2,0,500.6551160509888,24.62,46.86666666666667,7.16,0.0,0.0,544.3671461261766,0.027147561283093112,43.71203007518784,True,False,True
2017-09-11 15:59:00,0,0,407,0,0,0,491.6426936907404,24.610000000000003,46.93333333333333,7.13,0.0,0.0,536.9157894736757,0.026335757794290097,45.273095782935286,True,False,True
2017-09-11 16:00:00,2,0,465,0,0,2,496.4161490683148,24.6,47.0,7.1,0.0,0.0,529.48502778685,0.02555180830805902,33.06887871853519,True,False,True
2017-09-11 16:01:00,1,0,420,1,4,1,501.262504086294,24.58666666666667,47.05,7.0616666666666665,0.0,0.0,522.6320693036855,0.024770957601908172,21.36956521739154,True,False,True
2017-09-11 16:02:00,4,0,403,0,0,0,499.1075514874052,24.57333333333333,47.1,7.023333333333333,0.0,0.0,515.6533834586381,0.024014286132507258,16.54583197123293,True,False,True
2017-09-11 16:03:00,2,0,527,0,3,1,494.96011768550926,24.56,47.15,6.984999999999999,0.0,0.0,509.3066688460197,0.023322237400990372,14.346551160510444,True,False,True
2017-09-11 16:04:00,1,0,389,0,16,0,471.981039555402,24.546666666666667,47.2,6.946666666666666,0.0,0.0,501.12134684536585,0.022639854977658844,29.140307289963857,True,False,True
2017-09-11 16:05:00,3,0,652,0,13,3,447.9875776397441,24.53333333333333,47.25,6.908333333333333,0.0,0.0,492.99290617848135,0.022019547957871897,45.005328538737274,True,False,True
2017-09-11 16:06:00,10,0,527,0,0,0,425.6541353383388,24.520000000000003,47.3,6.869999999999999,0.0,0.0,483.91663942464027,0.021445298097789854,58.262504086301476,True,False,True
2017-09-11 16:07:00,1,0,329,0,0,0,407.47401111473687,24.506666666666668,47.35,6.831666666666666,0.0,0.0,473.71408957174737,0.02094745443681959,66.2400784570105,True,False,True
2017-09-11 16:08:00,0,0,516,0,10,5,398.76757110166136,24.493333333333336,47.4,6.793333333333333,0.0,0.0,463.52533507681466,0.020555922445166176,64.7577639751533,True,False,True
2017-09-11 16:09:00,0,0,432,0,5,0,402.7322654462185,24.48,47.45,6.755,0.0,0.0,454.6342922523625,0.020230240222143873,51.90202680614402,True,False,True
2017-09-11 16:10:00,0,0,409,0,0,0,401.8692383131683,24.46666666666667,47.5,6.716666666666667,0.0,0.0,445.17960117684777,0.020040276061127744,43.31036286367947,True,False,True
2017-09-11 16:11:00,3,0,190,0,8,0,413.3416149068259,24.453333333333333,47.55,6.678333333333333,0.0,0.0,436.387512258901,0.01999000210880687,23.045897352075087,True,False,True
2017-09-11 16:12:00,1,0,179,0,2,0,412.687806472697,24.44,47.6,6.64,0.0,0.0,427.74553775743016,0.020049791788492602,15.057731284733165,True,False,True
2017-09-11 16:13:00,0,0,269,1,16,0,411.8247793396467,24.42666666666667,47.65,6.601666666666667,0.0,0.0,419.432003922844,0.0202007873700728,7.607224583197308,True,False,True
2017-09-11 16:14:00,1,0,433,0,24,4,415.1019941157175,24.41333333333333,47.7,6.563333333333333,0.0,0.0,413.7440993788755,0.020435648236316308,1.3578947368420131,True,False,True
2017-09-11 16:15:00,0,0,532,0,10,0,421.31121281463817,24.4,47.75,6.525,0.0,0.0,411.0764628963649,0.020752855016483846,10.23474991827328,True,False,True
2017-09-11 16:16:00,0,0,444,0,6,0,432.7525335076757,24.386666666666667,47.8,6.486666666666666,0.0,0.0,411.7863027132986,0.021106434363805136,20.96623079437711,True,False,True
2017-09-11 16:17:00,6,0,568,0,2,0,439.4906832298075,24.37333333333333,47.85,6.448333333333333,0.0,0.0,414.98796992480567,0.021451224503795534,24.502713305001805,True,False,True
2017-09-11 16:18:00,1,0,625,0,1,1,447.5864661654071,24.36,47.9,6.41,0.0,0.0,419.86985943118026,0.0217274467839343,27.716606734226843,True,False,True
2017-09-11 16:19:00,3,0,510,0,3,0,467.8777378228114,24.346666666666668,47.95,6.371666666666666,0.0,0.0,426.3844066688395,0.021980004684148787,41.493331153971894,True,False,True
2017-09-11 16:20:00,0,0,475,0,0,2,485.7319385420006,24.333333333333336,48.0,6.333333333333333,0.0,0.0,434.77067669172277,0.022174824404843686,50.96126185027782,True,False,True
2017-09-11 16:21:00,0,0,345,0,0,0,498.8221641059104,24.32,48.05,6.295,0.0,0.0,443.3187316116312,0.022312499375949358,55.503432494279195,True,False,True
2017-09-11 16:22:00,0,0,444,0,3,0,486.7293233082642,24.30666666666667,48.1,6.256666666666666,0.0,0.0,450.7228832951879,0.02240838135516352,36.006440013076315,True,False,True
2017-09-11 16:23:00,0,0,406,0,1,0,484.9081399149978,24.293333333333333,48.15,6.218333333333333,0.0,0.0,458.03121935272304,0.02245518439411703,26.876920562274734,True,False,True
2017-09-11 16:24:00,3,0,480,0,5,0,475.783916312513,24.28,48.2,6.18,0.0,0.0,464.0994115724026,0.022468842269851956,11.684504740110413,True,False,True
2017-09-11 16:25:00,0,0,306,0,5,1,477.00392285059695,24.26666666666667,48.25,6.141666666666667,0.0,0.0,469.66868257599856,0.022480274685466383,7.335240274598391,True,False,True
2017-09-11 16:26:00,2,0,536,0,9,0,483.325269695971,24.25333333333333,48.3,6.1033333333333335,0.0,0.0,474.725956194828,0.022371001604636006,8.599313501143001,True,False,True
2017-09-11 16:27:00,0,0,626,0,3,1,471.3844393592598,24.24,48.35,6.065,0.0,0.0,477.9153318077732,0.022202675956793604,6.530892448513441,True,False,True
2017-09-11 16:28:00,0,0,446,0,3,1,467.0748610657002,24.226666666666667,48.4,6.026666666666666,0.0,0.0,479.86417129780256,0.02198098468417245,12.789310232102366,True,False,True
2017-09-11 16:29:00,2,0,481,0,7,0,459.7139588100621,24.21333333333333,48.45,5.988333333333333,0.0,0.0,479.0477933965276,0.021700375582507654,19.333834586465514,True,False,True
2017-09-11 16:30:00,4,0,462,0,0,0,468.16377901274274,24.200000000000003,48.5,5.949999999999999,0.0,0.0,477.2909774436019,0.02139997074190423,9.127198430859153,True,False,True
2017-09-11 16:31:00,1,0,513,1,1,0,492.6109839816861,24.186666666666667,48.55,5.911666666666666,0.0,0.0,476.66985943117936,0.02106964272605091,15.941124550506743,True,False,True
2017-09-11 16:32:00,0,0,646,1,1,0,492.3118666230719,24.173333333333336,48.6,5.873333333333333,0.0,0.0,477.2281137626602,0.020700895176391544,15.083752860411721,True,False,True
2017-09-11 16:33:00,0,0,375,0,0,3,492.4632232755727,24.16,48.65,5.835,0.0,0.0,477.98362209871766,0.020273365060130236,14.479601176855056,True,False,True
2017-09-11 16:34:00,0,0,423,4,5,0,488.60804184373205,24.14666666666667,48.7,5.796666666666667,0.0,0.0,479.2660346518396,0.01977350526349585,9.342007191892435,True,False,True
2017-09-11 16:35:00,0,0,367,2,1,5,488.3458646616464,24.133333333333333,48.75,5.758333333333333,0.0,0.0,480.4002288329445,0.019206894717144204,7.945635828701882,True,False,True
2017-09-11 16:36:00,0,0,332,1,2,0,481.1582216410508,24.12,48.8,5.72,0.0,0.0,480.1835240274525,0.01860398293729492,0.9746976135982663,True,False,True
2017-09-11 16:37:00,0,0,472,0,0,0,472.9944426283018,24.10666666666667,48.85,5.681666666666667,0.0,0.0,480.3445243543567,0.01799534619089517,7.350081726054896,True,False,True
2017-09-11 16:38:00,0,0,522,0,2,0,470.2507355344806,24.093333333333334,48.9,5.643333333333333,0.0,0.0,480.66211180123474,0.017387744100566413,10.411376266754132,True,False,True
2017-09-11 16:39:00,0,0,755,0,5,0,462.71788166066574,24.08,48.95,5.605,0.0,0.0,480.9625040862951,0.016807017308109826,18.24462242562936,True,False,True
2017-09-11 16:40:00,1,0,553,0,9,0,444.2808107224512,24.066666666666663,49.0,5.566666666666666,0.0,0.0,478.57420725726587,0.0162498074620573,34.29339653481469,True,False,True
2017-09-11 16:41:00,1,0,283,0,3,1,422.5658711997321,24.05333333333333,49.05,5.528333333333333,0.0,0.0,471.56969597907056,0.015765265701615995,49.00382477933846,True,False,True
2017-09-11 16:42:00,0,0,401,0,6,3,408.1242236024788,24.04,49.1,5.49,0.0,0.0,463.1509316770113,0.015384879195570628,55.02670807453245,True,False,True
2017-09-11 16:43:00,1,0,439,0,9,0,423.5629290617796,24.026666666666667,49.15,5.451666666666666,0.0,0.0,456.26090225563183,0.015081116354738949,32.69797319385225,True,False,True
2017-09-11 16:44:00,0,0,412,1,12,0,433.52402745994846,24.01333333333333,49.2,5.413333333333333,0.0,0.0,450.7525008172535,0.014849220915173197,17.228473357305063,True,False,True
2017-09-11 16:45:00,0,0,418,1,0,1,439.5501797973136,24.0,49.25,5.375,0.0,0.0,445.8729323308203,0.014668505839606072,6.322752533506673,True,False,True
2017-09-11 16:46:00,0,0,227,0,12,0,451.64530892447874,23.986666666666668,49.3,5.336666666666666,0.0,0.0,442.9216410591631,0.014530405801119792,8.723667865315633,True,False,True
2017-09-11 16:47:00,0,0,385,0,14,1,448.39261196468783,23.973333333333333,49.35,5.298333333333333,0.0,0.0,440.4614579928017,0.014423652439063392,7.931153971886147,True,False,True
2017-09-11 16:48:00,0,0,443,0,10,0,467.84014383784825,23.96,49.4,5.26,0.0,0.0,440.22039882313845,0.014345288690837718,27.619745014709792,True,False,True
2017-09-11 16:49:00,0,0,349,1,8,0,483.42236024843953,23.94666666666667,49.45,5.221666666666667,0.0,0.0,442.2908466819158,0.014274040837165049,41.13151356652372,True,False,True
2017-09-11 16:50:00,0,0,564,0,0,0,525.3023864007768,23.933333333333334,49.5,5.183333333333334,0.0,0.0,450.39300424974834,0.014189116056793709,74.90938215102841,True,False,True
2017-09-11 16:51:00,3,0,649,0,18,7,553.9519450800835,23.92,49.55,5.145,0.0,0.0,463.5316116377835,0.01403081523693414,90.42033344230003,True,False,True
2017-09-11 16:52:00,0,0,753,0,9,1,559.9225237005476,23.906666666666663,49.6,5.1066666666666665,0.0,0.0,478.71144164759033,0.013786038720593752,81.21108205295724,True,False,True
2017-09-11 16:53:00,0,0,642,0,4,0,563.1726054266019,23.89333333333333,49.65,5.068333333333333,0.0,0.0,492.6724092840726,0.013505474935952121,70.50019614252926,True,False,True
2017-09-11 16:54:00,0,0,522,0,0,0,567.22294867603,23.880000000000003,49.7,5.029999999999999,0.0,0.0,506.0423014056807,0.013197183181553196,61.18064727034931,True,False,True
2017-09-11 16:55:00,0,0,635,0,8,0,580.1634521085241,23.866666666666667,49.75,4.991666666666666,0.0,0.0,520.1036286368019,0.012862145338551529,60.05982347172221,True,False,True
2017-09-11 16:56:00,0,0,487,0,14,0,584.620791108197,23.85333333333333,49.8,4.953333333333333,0.0,0.0,533.4011768551737,0.01251505242697528,51.219614253023224,True,False,True
2017-09-11 16:57:00,0,0,633,3,4,0,571.1304347825999,23.84,49.85,4.915,0.0,0.0,545.6749591369648,0.01215768323798448,25.455475645635033,True,False,True
2017-09-11 16:58:00,4,0,421,0,2,0,561.56358287021,23.826666666666668,49.9,4.876666666666667,0.0,0.0,555.0473030402011,0.011800680467261813,6.516279830008898,True,False,True
2017-09-11 16:59:00,0,0,503,0,5,0,542.8000237748527,23.813333333333333,49.95,4.838333333333333,0.0,0.0,560.9850693928423,0.01148437014546017,18.18504561798966,True,False,True
2017-09-11 17:00:00,1,0,426,2,0,0,523.1661020139284,23.8,50.0,4.8,0.0,0.0,560.7714409541575,0.011160558514206099,37.6053389402291,True,False,True
2017-09-11 17:01:00,1,0,466,0,7,0,503.7806373641616,23.74,50.266666666666666,4.835,0.0,0.0,555.7543101825653,0.010864971504086633,51.97367281840371,True,False,True
2017-09-11 17:02:00,0,0,474,0,0,0,485.7624496022668,23.68,50.53333333333333,4.87,0.0,0.0,548.3383027727373,0.010583742151169891,62.57585317047045,True,False,True
2017-09-11 17:03:00,3,0,571,0,0,4,470.2303585049581,23.62,50.8,4.905,0.0,0.0,539.0440780805728,0.010265141251648464,68.81371957561475,True,False,True
2017-09-11 17:04:00,0,0,614,0,0,0,458.3031838489503,23.56,51.06666666666667,4.94,0.0,0.0,528.1521015978649,0.009921881908137834,69.84891774891457,True,False,True
2017-09-11 17:05:00,0,0,404,0,35,1,451.0997454109578,23.5,51.333333333333336,4.975,0.0,0.0,515.2457309281083,0.009551646445611182,64.1459855171505,True,False,True
2017-09-11 17:06:00,1,0,439,0,44,1,449.7388629676952,23.44,51.6,5.01,0.0,0.0,501.75753811405804,0.009179562080029735,52.01867514636285,False,False,False
2017-09-11 17:07:00,0,0,432,0,4,0,455.3393562958771,23.38,51.86666666666667,5.045,0.0,0.0,490.17843026538577,0.008816445193407888,34.83907396950866,False,False,False
2017-09-11 17:08:00,1,0,382,0,11,1,469.0200451722178,23.32,52.13333333333333,5.08,0.0,0.0,480.9240764955865,0.008437539513356539,11.904031323368713,False,False,False
