timestamp,person,bicycle,car,motorcycle,bus,truck,total_vehicles,temp,humidity,wind_speed,rain,rain_mm
2017-09-10 18:08:00,0,0,227,0,10,0,519.2878787878789,18.846666666666668,66.13333333333334,7.386666666666667,0.0,0.0
2017-09-10 18:09:00,1,0,477,0,59,1,534.3683418031246,18.815,66.15,7.41,0.0,0.0
2017-09-10 18:10:00,0,0,893,0,38,0,545.0817062418896,18.78333333333333,66.16666666666667,7.433333333333334,0.0,0.0
2017-09-10 18:11:00,0,0,542,0,28,1,551.9867521240521,18.75166666666667,66.18333333333334,7.456666666666667,0.0,0.0
2017-09-10 18:12:00,0,0,892,0,14,0,555.6422594694909,18.72,66.2,7.48,0.0,0.0
2017-09-10 18:13:00,2,0,321,0,6,1,556.6070082980842,18.688333333333333,66.21666666666667,7.503333333333334,0.0,0.0
2017-09-10 18:14:00,0,0,452,0,4,0,555.4397786297103,18.656666666666663,66.23333333333333,7.526666666666666,0.0,0.0
2017-09-10 18:15:00,1,0,299,0,6,0,552.6993504842478,18.625,66.25,7.55,0.0,0.0
2017-09-10 18:16:00,0,0,624,0,0,1,548.9445038815752,18.593333333333334,66.26666666666667,7.573333333333333,0.0,0.0
2017-09-10 18:17:00,1,0,426,0,12,1,544.7340188415707,18.561666666666667,66.28333333333333,7.596666666666667,0.0,0.0
2017-09-10 18:18:00,0,0,577,0,1,0,540.6266753841044,18.53,66.3,7.62,0.0,0.0
2017-09-10 18:19:00,5,0,539,0,3,0,500.1997384766187,18.49833333333333,66.31666666666666,7.643333333333333,0.0,0.0
2017-09-10 18:20:00,0,0,537,0,1,3,495.75057208237206,18.46666666666667,66.33333333333333,7.666666666666667,0.0,0.0
2017-09-10 18:21:00,0,0,506,0,5,1,546.2677345537675,18.435,66.35,7.69,0.0,0.0
2017-09-10 18:22:00,2,0,483,0,7,0,555.2252370055488,18.40333333333333,66.36666666666666,7.713333333333333,0.0,0.0
2017-09-10 18:23:00,13,0,550,0,24,0,605.8702190258166,18.371666666666663,66.38333333333334,7.736666666666666,0.0,0.0
2017-09-10 18:24:00,0,0,546,0,2,1,601.2082379862612,18.34,66.4,7.76,0.0,0.0
2017-09-10 18:25:00,2,0,787,0,2,0,612.3036940176437,18.308333333333334,66.41666666666667,7.783333333333333,0.0,0.0
2017-09-10 18:26:00,0,0,518,0,13,4,594.8355671788075,18.276666666666667,66.43333333333334,7.806666666666667,0.0,0.0
2017-09-10 18:27:00,0,0,621,0,3,1,607.3850931676925,18.245,66.45,7.83,0.0,0.0
2017-09-10 18:28:00,0,0,503,0,6,2,600.8721804511184,18.21333333333333,66.46666666666667,7.853333333333333,0.0,0.0
2017-09-10 18:29:00,0,0,861,0,7,0,608.089898659683,18.18166666666667,66.48333333333333,7.876666666666667,0.0,0.0
2017-09-10 18:30:00,8,0,648,0,12,5,589.523700555728,18.15,66.5,7.9,0.0,0.0
2017-09-10 18:31:00,1,0,332,0,8,3,579.3609022556301,18.11833333333333,66.51666666666667,7.923333333333333,0.0,0.0
2017-09-10 18:32:00,0,0,589,0,11,0,565.6904217064312,18.086666666666662,66.53333333333333,7.946666666666666,0.0,0.0
2017-09-10 18:33:00,4,0,414,0,5,0,567.6145799280715,18.055,66.55,7.97,0.0,0.0
2017-09-10 18:34:00,1,0,632,0,3,0,549.5887544949236,18.023333333333333,66.56666666666666,7.993333333333333,0.0,0.0
2017-09-10 18:35:00,3,0,453,0,12,2,522.4063419418022,17.991666666666667,66.58333333333333,8.016666666666666,0.0,0.0
2017-09-10 18:36:00,0,0,608,0,18,0,540.3674403399712,17.96,66.6,8.04,0.0,0.0
2017-09-10 18:37:00,0,0,468,0,7,1,520.1732592350352,17.928333333333335,66.61666666666666,8.063333333333333,0.0,0.0
2017-09-10 18:38:00,1,0,501,0,0,1,501.4779339653398,17.89666666666667,66.63333333333334,8.086666666666666,0.0,0.0
2017-09-10 18:39:00,0,0,361,0,2,1,486.7858777378143,17.865,66.65,8.11,0.0,0.0
2017-09-10 18:40:00,0,0,664,0,5,2,501.5223929388608,17.833333333333332,66.66666666666667,8.133333333333333,0.0,0.0
2017-09-10 18:41:00,0,0,569,0,0,0,506.96959790780517,17.801666666666666,66.68333333333334,8.156666666666666,0.0,0.0
2017-09-10 18:42:00,2,0,565,1,7,0,485.0189604445818,17.77,66.7,8.18,0.0,0.0
2017-09-10 18:43:00,0,0,235,0,0,1,487.2291598561542,17.738333333333333,66.71666666666667,8.203333333333333,0.0,0.0
2017-09-10 18:44:00,2,0,511,0,0,0,461.0346518470013,17.706666666666667,66.73333333333333,8.226666666666667,0.0,0.0
2017-09-10 18:45:00,0,0,614,0,1,0,461.9284079764558,17.675,66.75,8.25,0.0,0.0
2017-09-10 18:46:00,0,0,231,0,2,0,450.3187316116309,17.643333333333334,66.76666666666667,8.273333333333333,0.0,0.0
2017-09-10 18:47:00,0,0,479,0,3,2,449.0781301078721,17.611666666666665,66.78333333333333,8.296666666666667,0.0,0.0
2017-09-10 18:48:00,0,0,582,0,2,0,446.53350768224294,17.58,66.8,8.32,0.0,0.0
2017-09-10 18:49:00,0,0,425,0,1,3,466.1585485452696,17.548333333333332,66.81666666666666,8.343333333333334,0.0,0.0
2017-09-10 18:50:00,1,0,416,0,2,0,466.9424648577895,17.516666666666666,66.83333333333333,8.366666666666667,0.0,0.0
2017-09-10 18:51:00,0,0,450,0,0,0,477.3723439032297,17.485,66.85,8.39,0.0,0.0
2017-09-10 18:52:00,0,0,485,0,11,5,502.69107551486735,17.453333333333333,66.86666666666666,8.413333333333334,0.0,0.0
2017-09-10 18:53:00,0,0,391,0,3,0,510.55279503104987,17.421666666666667,66.88333333333334,8.436666666666666,0.0,0.0
2017-09-10 18:54:00,0,0,632,0,0,0,533.4857796665506,17.39,66.9,8.459999999999999,0.0,0.0
2017-09-10 18:55:00,0,0,528,0,2,2,558.4109186008425,17.358333333333334,66.91666666666667,8.483333333333333,0.0,0.0
2017-09-10 18:56:00,1,0,599,0,4,0,599.9767898005805,17.326666666666664,66.93333333333334,8.506666666666666,0.0,0.0
2017-09-10 18:57:00,0,0,720,0,0,1,606.6783262504,17.294999999999998,66.95,8.53,0.0,0.0
2017-09-10 18:58:00,4,0,706,0,3,2,644.0983981693265,17.263333333333332,66.96666666666667,8.553333333333333,0.0,0.0
2017-09-10 18:59:00,0,0,465,0,0,0,665.7973193854101,17.231666666666666,66.98333333333333,8.576666666666666,0.0,0.0
2017-09-10 19:00:00,0,0,544,0,2,0,667.9388689113991,17.2,67.0,8.6,0.0,0.0
2017-09-10 19:01:00,0,0,788,0,3,0,657.7430532853778,17.181666666666665,67.01666666666667,8.586666666666666,0.0,0.0
2017-09-10 19:02:00,1,0,595,2,16,0,650.9202353710266,17.163333333333334,67.03333333333333,8.573333333333332,0.0,0.0
2017-09-10 19:03:00,0,0,1005,0,6,5,648.008826413851,17.145,67.05,8.56,0.0,0.0
2017-09-10 19:04:00,3,0,497,0,2,2,630.8705459300327,17.126666666666665,67.06666666666666,8.546666666666667,0.0,0.0
2017-09-10 19:05:00,0,0,680,0,0,2,630.2906178489603,17.108333333333334,67.08333333333333,8.533333333333333,0.0,0.0
2017-09-10 19:06:00,2,0,581,0,2,0,602.7446878064634,17.09,67.1,8.52,0.0,0.0
2017-09-10 19:07:00,0,0,627,0,6,0,598.9875776397423,17.071666666666665,67.11666666666666,8.506666666666666,0.0,0.0
2017-09-10 19:08:00,1,0,293,0,3,4,596.3422687152574,17.053333333333335,67.13333333333334,8.493333333333332,0.0,0.0
2017-09-10 19:09:00,1,0,516,0,0,0,602.8381824125441,17.035,67.15,8.48,0.0,0.0
2017-09-10 19:10:00,1,0,579,0,2,6,588.8617195161727,17.016666666666666,67.16666666666667,8.466666666666667,0.0,0.0
2017-09-10 19:11:00,1,0,702,0,0,0,586.2942137953486,16.99833333333333,67.18333333333334,8.453333333333333,0.0,0.0
2017-09-10 19:12:00,5,0,642,0,0,4,581.6623079437636,16.98,67.2,8.44,0.0,0.0
2017-09-10 19:13:00,3,0,592,0,1,1,585.355998692374,16.961666666666666,67.21666666666667,8.426666666666666,0.0,0.0
2017-09-10 19:14:00,0,0,598,0,0,7,631.2987904543879,16.94333333333333,67.23333333333333,8.413333333333332,0.0,0.0
2017-09-10 19:15:00,0,0,543,0,3,0,638.8336057535049,16.925,67.25,8.4,0.0,0.0
2017-09-10 19:16:00,0,0,825,0,0,10,676.0961098398067,16.906666666666666,67.26666666666667,8.386666666666667,0.0,0.0
2017-09-10 19:17:00,1,0,591,0,0,0,690.5861392611863,16.888333333333332,67.28333333333333,8.373333333333333,0.0,0.0
2017-09-10 19:18:00,0,0,722,0,0,1,703.2778685844944,16.87,67.3,8.36,0.0,0.0
2017-09-10 19:19:00,0,0,662,0,0,2,662.9852893102225,16.851666666666667,67.31666666666666,8.346666666666666,0.0,0.0
2017-09-10 19:20:00,0,0,663,0,2,39,665.3105590062013,16.833333333333332,67.33333333333333,8.333333333333332,0.0,0.0
2017-09-10 19:21:00,1,0,551,0,0,13,663.3373651520005,16.815,67.35,8.32,0.0,0.0
2017-09-10 19:22:00,2,0,877,0,6,10,675.539065053929,16.796666666666667,67.36666666666666,8.306666666666667,0.0,0.0
2017-09-10 19:23:00,3,0,700,0,1,1,680.8682576005127,16.778333333333332,67.38333333333334,8.293333333333333,0.0,0.0
2017-09-10 19:24:00,0,0,612,0,0,0,683.679633867266,16.76,67.4,8.28,0.0,0.0
2017-09-10 19:25:00,2,0,690,0,7,1,694.3785550833492,16.741666666666667,67.41666666666667,8.266666666666666,0.0,0.0
2017-09-10 19:26:00,2,0,408,0,1,0,681.9074861065588,16.723333333333333,67.43333333333334,8.253333333333334,0.0,0.0
2017-09-10 19:27:00,0,0,565,0,0,0,680.2611964694227,16.705000000000002,67.45,8.24,0.0,0.0
2017-09-10 19:28:00,1,0,613,0,0,0,642.4991827394465,16.686666666666667,67.46666666666667,8.226666666666667,0.0,0.0
2017-09-10 19:29:00,16,0,1008,0,2,0,637.0339980385637,16.668333333333333,67.48333333333333,8.213333333333333,0.0,0.0
2017-09-10 19:30:00,7,0,609,0,1,2,604.79731938541,16.65,67.5,8.2,0.0,0.0
2017-09-10 19:31:00,0,0,693,0,0,1,587.8146453089147,16.631666666666668,67.51666666666667,8.186666666666666,0.0,0.0
2017-09-10 19:32:00,0,0,591,1,0,1,562.0045766590296,16.613333333333333,67.53333333333333,8.173333333333334,0.0,0.0
2017-09-10 19:33:00,3,0,598,0,0,13,573.0496894409845,16.595,67.55,8.16,0.0,0.0
2017-09-10 19:34:00,0,0,537,0,0,0,575.7538411245412,16.576666666666668,67.56666666666666,8.146666666666667,0.0,0.0
2017-09-10 19:35:00,9,0,288,0,0,0,568.8339326577218,16.558333333333334,67.58333333333333,8.133333333333333,0.0,0.0
2017-09-10 19:36:00,0,0,380,0,0,0,558.9571755475555,16.54,67.6,8.12,0.0,0.0
2017-09-10 19:37:00,3,0,437,0,0,1,539.0964367440245,16.52166666666667,67.61666666666666,8.106666666666666,0.0,0.0
2017-09-10 19:38:00,0,0,721,0,0,0,510.91042824451523,16.503333333333334,67.63333333333334,8.093333333333334,0.0,0.0
2017-09-10 19:39:00,1,0,390,0,3,2,502.95848316442334,16.485,67.65,8.08,0.0,0.0
2017-09-10 19:40:00,2,0,719,0,0,0,519.4602811376177,16.46666666666667,67.66666666666667,8.066666666666666,0.0,0.0
2017-09-10 19:41:00,4,0,610,0,0,0,513.2664269368986,16.448333333333334,67.68333333333334,8.053333333333333,0.0,0.0
2017-09-10 19:42:00,0,0,613,0,0,0,500.8672768878637,16.43,67.7,8.04,0.0,0.0
2017-09-10 19:43:00,4,0,459,0,0,0,495.3246158875373,16.41166666666667,67.71666666666667,8.026666666666667,0.0,0.0
2017-09-10 19:44:00,6,0,410,0,0,2,494.23014056880606,16.393333333333334,67.73333333333333,8.013333333333334,0.0,0.0
2017-09-10 19:45:00,7,0,409,0,0,9,484.0898986596862,16.375,67.75,8.0,0.0,0.0
2017-09-10 19:46:00,1,0,561,0,0,1,474.8479895390582,16.35666666666667,67.76666666666667,7.986666666666666,0.0,0.0
2017-09-10 19:47:00,11,0,352,0,0,2,479.85060477279376,16.338333333333335,67.78333333333333,7.973333333333333,0.0,0.0
2017-09-10 19:48:00,0,0,553,0,0,3,469.4383785550753,16.32,67.8,7.96,0.0,0.0
2017-09-10 19:49:00,6,0,273,0,0,0,481.43543641712176,16.30166666666667,67.81666666666666,7.946666666666666,0.0,0.0
2017-09-10 19:50:00,1,0,389,0,0,2,465.63713631905034,16.283333333333335,67.83333333333333,7.933333333333334,0.0,0.0
2017-09-10 19:51:00,16,0,365,0,0,5,472.2765609676287,16.265,67.85,7.92,0.0,0.0
2017-09-10 19:52:00,1,0,620,0,0,2,475.9794050343174,16.246666666666666,67.86666666666666,7.906666666666666,0.0,0.0
2017-09-10 19:53:00,0,0,535,0,2,1,503.7345537757356,16.228333333333335,67.88333333333334,7.893333333333333,0.0,0.0
2017-09-10 19:54:00,1,0,580,0,0,1,501.7839163125124,16.21,67.9,7.88,0.0,0.0
2017-09-10 19:55:00,2,0,742,0,1,6,498.45505067014557,16.191666666666666,67.91666666666667,7.866666666666666,0.0,0.0
2017-09-10 19:56:00,46,0,475,0,0,2,491.4187643020514,16.173333333333336,67.93333333333334,7.853333333333333,0.0,0.0
2017-09-10 19:57:00,7,0,270,0,0,0,488.8012422360171,16.155,67.95,7.84,0.0,0.0
2017-09-10 19:58:00,0,0,430,0,0,2,466.7214776070537,16.136666666666667,67.96666666666667,7.826666666666666,0.0,0.0
2017-09-10 19:59:00,0,0,356,0,0,41,470.43609022555665,16.118333333333336,67.98333333333333,7.813333333333333,0.0,0.0
2017-09-10 20:00:00,3,0,446,2,0,2,439.4488394900224,16.1,68.0,7.8,0.0,0.0
2017-09-10 20:01:00,6,0,484,0,0,1,409.86466165412895,16.07166666666667,68.18333333333334,7.78,0.0,0.0
2017-09-10 20:02:00,2,0,504,0,1,15,403.37430532853176,16.043333333333333,68.36666666666666,7.76,0.0,0.0
2017-09-10 20:03:00,5,0,191,0,1,3,414.97875122588334,16.015,68.55,7.74,0.0,0.0
2017-09-10 20:04:00,12,0,413,0,0,0,417.2137953579522,15.986666666666668,68.73333333333333,7.72,0.0,0.0
2017-09-10 20:05:00,4,0,355,1,0,1,416.33899967308804,15.958333333333334,68.91666666666667,7.7,0.0,0.0
2017-09-10 20:06:00,14,0,345,0,0,0,435.129780974167,15.93,69.1,7.68,0.0,0.0
2017-09-10 20:07:00,28,0,402,0,0,0,432.4857796665505,15.901666666666667,69.28333333333333,7.66,0.0,0.0
2017-09-10 20:08:00,1,0,521,0,0,0,407.1408957175477,15.873333333333337,69.46666666666667,7.64,0.0,0.0
2017-09-10 20:09:00,19,0,334,0,1,4,399.38738149721434,15.845,69.65,7.62,0.0,0.0
2017-09-10 20:10:00,2,0,546,0,0,1,387.3340961098329,15.816666666666668,69.83333333333333,7.6,0.0,0.0
2017-09-10 20:11:00,5,0,650,0,0,0,376.29454069956824,15.788333333333334,70.01666666666667,7.58,0.0,0.0
2017-09-10 20:12:00,8,0,292,0,0,0,371.1075514874076,15.760000000000002,70.2,7.56,0.0,0.0
2017-09-10 20:13:00,18,0,192,0,0,0,355.0075187969867,15.731666666666667,70.38333333333334,7.54,0.0,0.0
2017-09-10 20:14:00,3,0,202,0,0,1,320.2232755802495,15.703333333333337,70.56666666666666,7.52,0.0,0.0
2017-09-10 20:15:00,9,0,254,0,0,0,305.68094148413985,15.675,70.75,7.5,0.0,0.0
2017-09-10 20:16:00,19,0,176,0,0,0,282.6763648251014,15.646666666666668,70.93333333333334,7.479999999999999,0.0,0.0
2017-09-10 20:17:00,10,0,306,0,0,0,269.15854854527134,15.618333333333334,71.11666666666666,7.46,0.0,0.0
2017-09-10 20:18:00,4,0,373,0,0,0,257.7260542660953,15.590000000000002,71.3,7.439999999999999,0.0,0.0
2017-09-10 20:19:00,16,0,228,0,1,0,257.05590062111355,15.561666666666667,71.48333333333333,7.42,0.0,0.0
2017-09-10 20:20:00,4,0,218,0,0,1,246.71755475645205,15.533333333333337,71.66666666666667,7.399999999999999,0.0,0.0
2017-09-10 20:21:00,17,0,211,0,0,0,246.94508009152958,15.505,71.85,7.38,0.0,0.0
2017-09-10 20:22:00,9,0,159,0,0,0,287.1523373651484,15.476666666666668,72.03333333333333,7.359999999999999,0.0,0.0
2017-09-10 20:23:00,14,0,386,0,0,2,307.81627983000595,15.448333333333334,72.21666666666667,7.34,0.0,0.0
2017-09-10 20:24:00,1,0,373,0,0,1,321.56914024190485,15.420000000000002,72.4,7.319999999999999,0.0,0.0
2017-09-10 20:25:00,25,0,285,0,0,0,328.3043478260827,15.391666666666667,72.58333333333333,7.3,0.0,0.0
2017-09-10 20:26:00,4,0,391,0,2,0,338.30957829355566,15.363333333333337,72.76666666666667,7.279999999999999,0.0,0.0
2017-09-10 20:27:00,4,0,269,2,0,0,350.13435763320865,15.335,72.95,7.26,0.0,0.0
2017-09-10 20:28:00,0,0,331,0,0,1,366.7446878064676,15.306666666666668,73.13333333333333,7.24,0.0,0.0
2017-09-10 20:29:00,3,0,345,0,1,3,384.66001961424786,15.278333333333334,73.31666666666666,7.22,0.0,0.0
2017-09-10 20:30:00,5,0,396,0,0,2,399.17979731938,15.25,73.5,7.199999999999999,0.0,0.0
2017-09-10 20:31:00,5,0,588,0,0,0,417.092513893423,15.221666666666668,73.68333333333334,7.18,0.0,0.0
2017-09-10 20:32:00,11,0,340,0,0,0,419.90715920234715,15.193333333333332,73.86666666666666,7.16,0.0,0.0
2017-09-10 20:33:00,9,0,349,0,0,6,405.72932330826393,15.165,74.05,7.14,0.0,0.0
2017-09-10 20:34:00,8,0,357,0,0,0,398.5593331153908,15.136666666666668,74.23333333333333,7.119999999999999,0.0,0.0
2017-09-10 20:35:00,1,0,440,0,1,1,394.97646289636526,15.108333333333334,74.41666666666667,7.1,0.0,0.0
2017-09-10 20:36:00,5,0,460,1,0,1,377.3720169990136,15.08,74.6,7.08,0.0,0.0
2017-09-10 20:37:00,9,0,344,0,0,0,377.7358613926063,15.051666666666668,74.78333333333333,7.06,0.0,0.0
2017-09-10 20:38:00,0,0,366,0,1,3,358.2010460934892,15.023333333333332,74.96666666666667,7.04,0.0,0.0
2017-09-10 20:39:00,12,0,419,0,0,3,361.14220333441716,14.995,75.15,7.02,0.0,0.0
2017-09-10 20:40:00,8,0,336,0,0,0,356.0853220006476,14.966666666666669,75.33333333333333,7.0,0.0,0.0
2017-09-10 20:41:00,20,0,147,0,0,1,344.55508336056926,14.938333333333334,75.51666666666667,6.98,0.0,0.0
2017-09-10 20:42:00,13,0,234,0,1,0,344.51977770512696,14.91,75.7,6.96,0.0,0.0
2017-09-10 20:43:00,11,0,297,0,0,0,346.15135665249505,14.881666666666668,75.88333333333333,6.94,0.0,0.0
2017-09-10 20:44:00,20,0,385,0,0,0,346.36645962732325,14.853333333333332,76.06666666666666,6.92,0.0,0.0
2017-09-10 20:45:00,9,0,336,0,0,0,341.11408957174945,14.825,76.25,6.9,0.0,0.0
2017-09-10 20:46:00,38,0,449,0,0,0,340.2791762013671,14.796666666666669,76.43333333333334,6.88,0.0,0.0
2017-09-10 20:47:00,30,0,309,0,0,0,347.6616541353323,14.768333333333334,76.61666666666666,6.859999999999999,0.0,0.0
2017-09-10 20:48:00,49,0,448,0,0,0,332.6662307943718,14.74,76.8,6.84,0.0,0.0
2017-09-10 20:49:00,47,0,147,0,0,1,327.4321673749538,14.711666666666668,76.98333333333333,6.819999999999999,0.0,0.0
2017-09-10 20:50:00,24,0,212,0,0,0,324.5181431840421,14.683333333333334,77.16666666666667,6.8,0.0,0.0
2017-09-10 20:51:00,6,0,338,0,0,0,323.5694671461213,14.655,77.35,6.779999999999999,0.0,0.0
2017-09-10 20:52:00,8,0,440,1,1,6,303.84766263484335,14.626666666666669,77.53333333333333,6.76,0.0,0.0
2017-09-10 20:53:00,21,0,216,0,0,3,280.9208891794662,14.598333333333334,77.71666666666667,6.739999999999999,0.0,0.0
2017-09-10 20:54:00,11,0,204,0,1,0,270.43935926773037,14.57,77.9,6.72,0.0,0.0
2017-09-10 20:55:00,5,0,242,0,0,0,273.9735207584137,14.541666666666668,78.08333333333333,6.699999999999999,0.0,0.0
2017-09-10 20:56:00,6,0,244,0,1,1,277.90912062765176,14.513333333333334,78.26666666666667,6.68,0.0,0.0
2017-09-10 20:57:00,2,0,161,0,0,1,303.4648577966608,14.485,78.45,6.66,0.0,0.0
2017-09-10 20:58:00,1,0,375,0,3,0,319.45243543641186,14.456666666666669,78.63333333333333,6.64,0.0,0.0
2017-09-10 20:59:00,1,0,290,0,0,0,331.5776397515479,14.428333333333336,78.81666666666666,6.619999999999999,0.0,0.0
2017-09-10 21:00:00,1,0,369,0,0,3,332.7734553775693,14.4,79.0,6.6,0.0,0.0
2017-09-10 21:01:00,5,0,301,0,0,0,325.15952925792254,14.38,79.15,6.619999999999999,0.0,0.0
2017-09-10 21:02:00,3,0,374,0,0,0,343.29552141222086,14.36,79.3,6.64,0.0,0.0
2017-09-10 21:03:00,3,0,502,0,1,0,362.66819221967415,14.34,79.45,6.659999999999999,0.0,0.0
2017-09-10 21:04:00,1,0,435,0,0,0,361.68322981365924,14.32,79.6,6.68,0.0,0.0
2017-09-10 21:05:00,3,0,381,0,0,0,356.7721477607008,14.3,79.75,6.699999999999999,0.0,0.0
2017-09-10 21:06:00,1,0,350,0,0,0,347.614253023859,14.28,79.9,6.72,0.0,0.0
2017-09-10 21:07:00,8,0,199,0,0,0,346.49591369728137,14.26,80.05,6.739999999999999,0.0,0.0
2017-09-10 21:08:00,2,0,166,0,0,0,317.15952925792254,14.24,80.2,6.76,0.0,0.0
2017-09-10 21:09:00,3,0,413,0,0,0,318.28179143510465,14.22,80.35,6.779999999999999,0.0,0.0
2017-09-10 21:10:00,0,0,302,0,0,0,312.17325923503915,14.2,80.5,6.8,0.0,0.0
2017-09-10 21:11:00,0,0,440,0,0,2,305.0474011114696,14.18,80.65,6.819999999999999,0.0,0.0
2017-09-10 21:12:00,0,0,171,0,0,0,310.1189931350061,14.16,80.8,6.84,0.0,0.0
2017-09-10 21:13:00,1,0,254,0,0,0,309.621444916634,14.14,80.95,6.859999999999999,0.0,0.0
2017-09-10 21:14:00,4,0,324,0,0,0,321.9346191565816,14.12,81.1,6.88,0.0,0.0
2017-09-10 21:15:00,4,0,314,0,4,2,326.12226217717694,14.1,81.25,6.9,0.0,0.0
2017-09-10 21:16:00,5,0,384,0,0,2,321.47728015690956,14.08,81.4,6.92,0.0,0.0
2017-09-10 21:17:00,4,0,241,0,1,2,329.0035959463832,14.06,81.55,6.94,0.0,0.0
2017-09-10 21:18:00,2,0,515,0,0,2,325.96175220659893,14.04,81.7,6.96,0.0,0.0
2017-09-10 21:19:00,7,0,314,0,0,0,326.85452762340134,14.02,81.85,6.98,0.0,0.0
2017-09-10 21:20:00,13,0,309,0,0,0,343.07616868257065,14.0,82.0,7.0,0.0,0.0
2017-09-10 21:21:00,3,0,428,0,0,0,339.7303040209167,13.98,82.15,7.02,0.0,0.0
2017-09-10 21:22:00,2,0,172,0,3,0,351.47597254004074,13.96,82.3,7.04,0.0,0.0
2017-09-10 21:23:00,5,0,269,0,0,0,347.1847008826361,13.94,82.45,7.06,0.0,0.0
2017-09-10 21:24:00,4,0,241,0,0,0,335.8087610330122,13.92,82.6,7.08,0.0,0.0
2017-09-10 21:25:00,17,0,318,0,9,2,336.4749918273894,13.9,82.75,7.1,0.0,0.0
2017-09-10 21:26:00,18,0,495,0,0,0,334.40536122915455,13.88,82.9,7.12,0.0,0.0
2017-09-10 21:27:00,23,0,375,0,0,0,343.94834913369834,13.86,83.05,7.14,0.0,0.0
2017-09-10 21:28:00,30,0,386,0,0,1,331.7541680287622,13.84,83.2,7.16,0.0,0.0
2017-09-10 21:29:00,48,0,201,0,2,6,336.05328538737666,13.82,83.35,7.18,0.0,0.0
2017-09-10 21:30:00,24,0,201,0,0,4,342.94083033670626,13.8,83.5,7.199999999999999,0.0,0.0
2017-09-10 21:31:00,82,0,304,0,0,1,349.2491010133978,13.78,83.65,7.22,0.0,0.0
2017-09-10 21:32:00,71,0,285,0,0,1,353.4671461261803,13.76,83.8,7.24,0.0,0.0
2017-09-10 21:33:00,67,0,226,0,0,0,347.12520431513065,13.74,83.95,7.26,0.0,0.0
2017-09-10 21:34:00,36,0,393,0,0,0,349.4847989539013,13.72,84.1,7.279999999999999,0.0,0.0
2017-09-10 21:35:00,39,0,288,0,1,2,355.01699901928146,13.7,84.25,7.3,0.0,0.0
2017-09-10 21:36:00,37,0,318,0,0,0,351.18372016998427,13.68,84.4,7.32,0.0,0.0
2017-09-10 21:37:00,51,0,198,0,0,0,368.0009807126452,13.66,84.55,7.34,0.0,0.0
2017-09-10 21:38:00,24,0,359,0,0,2,368.17358613925535,13.64,84.7,7.359999999999999,0.0,0.0
2017-09-10 21:39:00,18,0,475,0,0,0,378.9349460607984,13.62,84.85,7.38,0.0,0.0
2017-09-10 21:40:00,40,0,287,0,0,0,378.0127492644594,13.6,85.0,7.399999999999999,0.0,0.0
2017-09-10 21:41:00,32,0,274,0,2,7,370.3968617195097,13.58,85.15,7.42,0.0,0.0
2017-09-10 21:42:00,22,0,474,0,2,0,367.52729650211836,13.56,85.3,7.439999999999999,0.0,0.0
2017-09-10 21:43:00,15,0,407,0,0,0,349.71722785223324,13.54,85.45,7.46,0.0,0.0
2017-09-10 21:44:00,11,0,334,0,2,4,337.17947041516214,13.52,85.6,7.479999999999999,0.0,0.0
2017-09-10 21:45:00,41,0,145,0,1,0,326.9679633867218,13.5,85.75,7.5,0.0,0.0
2017-09-10 21:46:00,22,0,320,0,0,0,310.36057535141634,13.48,85.9,7.52,0.0,0.0
2017-09-10 21:47:00,24,0,200,0,0,0,292.12945406995203,13.46,86.05,7.54,0.0,0.0
2017-09-10 21:48:00,17,0,347,0,0,1,259.6211180124172,13.44,86.2,7.56,0.0,0.0
2017-09-10 21:49:00,12,0,241,0,0,0,240.02451781627502,13.42,86.35,7.58,0.0,0.0
2017-09-10 21:50:00,11,0,192,0,0,0,234.62830990519316,13.4,86.5,7.6,0.0,0.0
2017-09-10 21:51:00,5,0,145,1,0,0,210.24583197122826,13.38,86.65,7.62,0.0,0.0
2017-09-10 21:52:00,11,0,139,0,0,0,194.59202353709958,13.36,86.8,7.64,0.0,0.0
2017-09-10 21:53:00,6,0,302,0,0,0,200.1297809741706,13.34,86.95,7.66,0.0,0.0
2017-09-10 21:54:00,22,0,109,0,0,0,201.6129454069919,13.32,87.1,7.68,0.0,0.0
2017-09-10 21:55:00,5,0,185,1,0,0,194.39653481529572,13.3,87.25,7.7,0.0,0.0
2017-09-10 21:56:00,11,0,151,0,0,0,180.55737169009154,13.28,87.4,7.72,0.0,0.0
2017-09-10 21:57:00,12,0,167,0,0,0,177.89833278849005,13.26,87.55,7.74,0.0,0.0
2017-09-10 21:58:00,14,0,233,0,0,0,179.17064400130454,13.239999999999998,87.7,7.76,0.0,0.0
2017-09-10 21:59:00,17,0,178,0,1,0,189.99836547891164,13.22,87.85,7.779999999999999,0.0,0.0
2017-09-10 22:00:00,18,0,122,0,0,0,199.21804511277864,13.2,88.0,7.8,0.0,0.0
2017-09-10 22:01:00,11,0,277,0,0,0,201.97057862046086,13.22,87.93333333333334,7.766666666666667,0.0,0.0
2017-09-10 22:02:00,22,0,158,0,0,0,195.33115397188294,13.239999999999998,87.86666666666666,7.733333333333333,0.0,0.0
2017-09-10 22:03:00,20,0,78,0,0,0,185.91533180777708,13.26,87.8,7.7,0.0,0.0
2017-09-10 22:04:00,13,0,120,0,2,0,189.64465511604797,13.28,87.73333333333333,7.666666666666666,0.0,0.0
2017-09-10 22:05:00,5,0,251,0,0,0,184.95554102647617,13.3,87.66666666666667,7.633333333333333,0.0,0.0
2017-09-10 22:06:00,10,0,216,0,0,0,173.73259235043864,13.32,87.6,7.6,0.0,0.0
2017-09-10 22:07:00,18,0,253,0,0,0,166.30565544295266,13.34,87.53333333333333,7.566666666666666,0.0,0.0
2017-09-10 22:08:00,27,0,105,0,0,0,161.37070938214853,13.36,87.46666666666667,7.533333333333333,0.0,0.0
2017-09-10 22:09:00,12,0,146,0,0,0,154.28604118992934,13.38,87.4,7.5,0.0,0.0
2017-09-10 22:10:00,7,0,83,0,0,0,160.01438378554872,13.4,87.33333333333333,7.466666666666667,0.0,0.0
2017-09-10 22:11:00,15,0,93,0,0,0,156.7806472703477,13.42,87.26666666666667,7.433333333333334,0.0,0.0
2017-09-10 22:12:00,17,0,144,0,0,0,174.869565217389,13.44,87.2,7.399999999999999,0.0,0.0
2017-09-10 22:13:00,15,0,163,0,0,0,190.45603138280214,13.46,87.13333333333334,7.366666666666666,0.0,0.0
2017-09-10 22:14:00,2,0,173,0,0,0,195.50572082379554,13.48,87.06666666666666,7.333333333333333,0.0,0.0
2017-09-10 22:15:00,7,0,112,0,1,0,190.86564236678348,13.5,87.0,7.3,0.0,0.0
2017-09-10 22:16:00,47,0,225,0,0,0,203.6315789473652,13.52,86.93333333333334,7.266666666666667,0.0,0.0
2017-09-10 22:17:00,7,0,214,0,0,0,214.64596273291588,13.54,86.86666666666666,7.233333333333333,0.0,0.0
2017-09-10 22:18:00,19,0,196,0,0,0,229.3308270676657,13.56,86.8,7.2,0.0,0.0
2017-09-10 22:19:00,11,0,368,0,0,0,234.80483818240884,13.58,86.73333333333333,7.166666666666666,0.0,0.0
2017-09-10 22:20:00,12,0,206,0,0,0,239.1611637790089,13.6,86.66666666666667,7.133333333333333,0.0,0.0
2017-09-10 22:21:00,9,0,298,0,0,0,224.4733573063057,13.62,86.6,7.1,0.0,0.0
2017-09-10 22:22:00,3,0,190,0,1,0,211.42530238639728,13.64,86.53333333333333,7.066666666666666,0.0,0.0
2017-09-10 22:23:00,9,0,110,0,2,0,200.46878064726693,13.66,86.46666666666667,7.033333333333333,0.0,0.0
2017-09-10 22:24:00,2,0,124,0,0,0,185.92644655115734,13.68,86.4,7.0,0.0,0.0
2017-09-10 22:25:00,0,0,259,0,0,0,175.06472703497556,13.7,86.33333333333333,6.966666666666667,0.0,0.0
2017-09-10 22:26:00,4,0,135,1,0,0,155.68944099378567,13.72,86.26666666666667,6.933333333333334,0.0,0.0
2017-09-10 22:27:00,9,0,119,0,0,0,143.41091860084708,13.74,86.2,6.9,0.0,0.0
2017-09-10 22:28:00,11,0,109,0,0,0,116.0588427590695,13.76,86.13333333333334,6.866666666666666,0.0,0.0
2017-09-10 22:29:00,7,0,70,0,0,0,108.42693690748402,13.78,86.06666666666666,6.833333333333333,0.0,0.0
2017-09-10 22:30:00,7,0,40,0,0,0,118.492317750897,13.8,86.0,6.8,0.0,0.0
2017-09-10 22:31:00,1,0,188,0,0,1,125.8231448185659,13.82,85.93333333333334,6.766666666666667,0.0,0.0
2017-09-10 22:32:00,10,0,132,0,0,0,138.53056554429327,13.84,85.86666666666666,6.733333333333333,0.0,0.0
2017-09-10 22:33:00,13,0,109,0,0,0,143.84472049689214,13.86,85.8,6.699999999999999,0.0,0.0
2017-09-10 22:34:00,5,0,161,0,1,1,142.28832951944858,13.88,85.73333333333333,6.666666666666666,0.0,0.0
2017-09-10 22:35:00,3,0,88,0,0,0,145.8058188950613,13.9,85.66666666666667,6.633333333333333,0.0,0.0
2017-09-10 22:36:00,4,0,100,0,0,0,161.92611964694086,13.92,85.6,6.6,0.0,0.0
2017-09-10 22:37:00,9,0,138,0,0,0,161.04772801568893,13.94,85.53333333333333,6.566666666666666,0.0,0.0
2017-09-10 22:38:00,1,0,385,0,0,0,163.21575678326008,13.96,85.46666666666667,6.533333333333333,0.0,0.0
2017-09-10 22:39:00,5,0,176,0,0,0,165.81301078783667,13.98,85.4,6.5,0.0,0.0
2017-09-10 22:40:00,5,0,152,0,0,2,162.94409937887937,14.0,85.33333333333333,6.466666666666667,0.0,0.0
2017-09-10 22:41:00,7,0,71,0,0,0,151.5034324942765,14.02,85.26666666666667,6.433333333333334,0.0,0.0
2017-09-10 22:42:00,5,0,110,0,0,0,149.68715266426685,14.04,85.2,6.4,0.0,0.0
2017-09-10 22:43:00,13,0,129,0,1,0,142.88035305655197,14.06,85.13333333333334,6.366666666666666,0.0,0.0
2017-09-10 22:44:00,8,0,169,0,0,0,134.43674403399567,14.08,85.06666666666666,6.333333333333333,0.0,0.0
2017-09-10 22:45:00,2,0,94,0,0,0,128.8326250408608,14.1,85.0,6.3,0.0,0.0
2017-09-10 22:46:00,6,0,36,0,0,0,114.29780974174349,14.12,84.93333333333334,6.266666666666667,0.0,0.0
2017-09-10 22:47:00,8,0,164,0,0,0,98.53710362863478,14.14,84.86666666666666,6.233333333333333,0.0,0.0
2017-09-10 22:48:00,5,0,116,0,0,0,85.31219352729464,14.16,84.8,6.199999999999999,0.0,0.0
2017-09-10 22:49:00,3,0,82,0,0,0,101.39915004903385,14.18,84.73333333333333,6.166666666666666,0.0,0.0
2017-09-10 22:50:00,4,0,68,0,1,0,106.20562275253161,14.2,84.66666666666667,6.133333333333333,0.0,0.0
2017-09-10 22:51:00,7,0,97,0,0,0,105.0823798626985,14.22,84.6,6.1,0.0,0.0
2017-09-10 22:52:00,3,0,83,0,0,0,101.48545276233885,14.24,84.53333333333333,6.066666666666666,0.0,0.0
2017-09-10 22:53:00,4,0,100,0,0,0,98.53514220333265,14.26,84.46666666666667,6.033333333333333,0.0,0.0
2017-09-10 22:54:00,3,0,87,0,0,1,95.63059823471563,14.28,84.4,6.0,0.0,0.0
2017-09-10 22:55:00,5,0,81,0,0,0,96.23014056881198,14.3,84.33333333333333,5.966666666666667,0.0,0.0
2017-09-10 22:56:00,4,0,98,0,0,21,99.28734880679816,14.32,84.26666666666667,5.933333333333334,0.0,0.0
2017-09-10 22:57:00,3,0,138,0,0,0,86.42137953579486,14.34,84.2,5.9,0.0,0.0
2017-09-10 22:58:00,42,0,115,0,0,0,100.20954560313685,14.36,84.13333333333334,5.866666666666666,0.0,0.0
2017-09-10 22:59:00,7,0,39,0,0,0,106.62929061784746,14.38,84.06666666666666,5.833333333333333,0.0,0.0
2017-09-10 23:00:00,4,0,39,0,0,0,106.06701536449675,14.4,84.0,5.8,0.0,0.0
2017-09-10 23:01:00,3,0,116,1,0,0,107.11343576331981,14.401666666666667,84.03333333333333,5.793333333333333,0.0,0.0
2017-09-10 23:02:00,4,0,65,0,7,0,113.11735861392441,14.403333333333334,84.06666666666666,5.786666666666666,0.0,0.0
2017-09-10 23:03:00,13,0,77,0,0,0,112.89277541680117,14.405,84.1,5.78,0.0,0.0
2017-09-10 23:04:00,2,0,131,0,0,0,111.78718535468947,14.406666666666666,84.13333333333334,5.773333333333333,0.0,0.0
2017-09-10 23:05:00,8,0,160,0,0,0,106.95063746322191,14.408333333333331,84.16666666666667,5.766666666666667,0.0,0.0
2017-09-10 23:06:00,3,0,76,0,0,0,104.57273618829558,14.41,84.2,5.76,0.0,0.0
2017-09-10 23:07:00,3,0,255,0,1,0,109.66688460281009,14.411666666666669,84.23333333333333,5.753333333333333,0.0,0.0
2017-09-10 23:08:00,1,0,38,0,0,0,119.84897025171487,14.413333333333334,84.26666666666667,5.746666666666666,0.0,0.0
2017-09-11 06:08:00,0,0,88,0,0,0,128.92644655115927,11.473333333333334,98.46666666666668,3.98,0.0,0.0
2017-09-11 06:09:00,11,0,144,0,0,0,134.76430205949515,11.495,98.4,4.015000000000001,0.0,0.0
2017-09-11 06:10:00,4,0,118,0,0,0,135.6185027786844,11.516666666666667,98.33333333333331,4.05,0.0,0.0
2017-09-11 06:11:00,9,0,57,0,1,1,154.0934946060784,11.538333333333334,98.26666666666668,4.085,0.0,0.0
2017-09-11 06:12:00,5,0,114,0,1,3,160.6708074534139,11.56,98.2,4.12,0.0,0.0
2017-09-11 06:13:00,4,0,157,0,0,0,165.51748937561052,11.581666666666669,98.13333333333334,4.155,0.0,0.0
2017-09-11 06:14:00,2,0,224,0,3,2,168.4939522719819,11.603333333333332,98.06666666666666,4.19,0.0,0.0
2017-09-11 06:15:00,1,0,228,0,1,0,177.20496894409692,11.625,98.0,4.225,0.0,0.0
2017-09-11 06:16:00,1,0,183,0,10,1,177.6721150702819,11.646666666666668,97.93333333333334,4.26,0.0,0.0
2017-09-11 06:17:00,4,0,162,0,2,1,193.65969271003348,11.668333333333331,97.86666666666666,4.295,0.0,0.0
2017-09-11 06:18:00,10,0,228,0,5,1,185.7097090552445,11.69,97.8,4.33,0.0,0.0
2017-09-11 06:19:00,5,0,196,0,1,1,182.54037267080528,11.711666666666668,97.73333333333332,4.365,0.0,0.0
2017-09-11 06:20:00,3,0,259,0,0,3,187.94802222948462,11.733333333333334,97.66666666666669,4.4,0.0,0.0
2017-09-11 06:21:00,18,0,57,0,0,0,197.61882968290047,11.755,97.6,4.4350000000000005,0.0,0.0
2017-09-11 06:22:00,30,0,116,0,2,3,201.84995096436455,11.776666666666667,97.53333333333332,4.47,0.0,0.0
2017-09-11 06:23:00,18,0,133,0,0,3,206.5413533834553,11.798333333333334,97.46666666666668,4.505,0.0,0.0
2017-09-11 06:24:00,7,0,198,0,3,5,202.87348806799272,11.82,97.4,4.54,0.0,0.0
2017-09-11 06:25:00,15,0,164,0,0,2,191.4730304020895,11.841666666666669,97.33333333333331,4.575,0.0,0.0
2017-09-11 06:26:00,27,0,171,0,0,2,200.07061131088312,11.863333333333332,97.26666666666668,4.61,0.0,0.0
2017-09-11 06:27:00,35,0,139,0,0,4,207.1363190585129,11.885,97.2,4.6450000000000005,0.0,0.0
2017-09-11 06:28:00,11,0,307,0,0,0,211.06472703497565,11.906666666666666,97.13333333333334,4.68,0.0,0.0
2017-09-11 06:29:00,10,0,291,0,5,7,210.49395227198158,11.928333333333333,97.06666666666666,4.715,0.0,0.0
2017-09-11 06:30:00,10,0,270,0,0,3,217.77803203661057,11.95,97.0,4.75,0.0,0.0
2017-09-11 06:31:00,7,0,170,0,0,7,235.3700555737141,11.971666666666668,96.93333333333334,4.785,0.0,0.0
2017-09-11 06:32:00,3,0,135,0,0,2,243.33311539718534,11.993333333333334,96.86666666666666,4.82,0.0,0.0
2017-09-11 06:33:00,0,0,98,0,1,3,242.84014383785225,12.015,96.8,4.855,0.0,0.0
2017-09-11 06:34:00,6,0,197,1,0,2,250.15920235370675,12.036666666666669,96.73333333333332,4.890000000000001,0.0,0.0
2017-09-11 06:35:00,1,0,430,1,1,2,254.34815299116988,12.058333333333334,96.66666666666669,4.925,0.0,0.0
2017-09-11 06:36:00,0,0,219,0,6,0,241.68028767570786,12.08,96.6,4.96,0.0,0.0
2017-09-11 06:37:00,0,0,197,0,11,8,247.84929715592995,12.101666666666668,96.53333333333332,4.995,0.0,0.0
2017-09-11 06:38:00,0,0,222,0,0,0,244.483818241252,12.123333333333331,96.46666666666668,5.03,0.0,0.0
2017-09-11 06:39:00,3,0,397,0,0,0,263.41451454723415,12.145,96.4,5.065,0.0,0.0
2017-09-11 06:40:00,8,0,292,0,4,12,288.40209218698527,12.166666666666666,96.33333333333331,5.1,0.0,0.0
2017-09-11 06:41:00,1,0,259,0,5,6,289.4494932984602,12.188333333333333,96.26666666666668,5.135,0.0,0.0
2017-09-11 06:42:00,0,0,186,0,0,0,298.0951291271622,12.21,96.2,5.17,0.0,0.0
2017-09-11 06:43:00,0,0,328,0,5,1,310.14710689767503,12.231666666666667,96.13333333333334,5.205,0.0,0.0
2017-09-11 06:44:00,0,0,181,0,13,6,315.67113435762866,12.253333333333334,96.06666666666666,5.24,0.0,0.0
2017-09-11 06:45:00,0,0,263,0,6,0,318.47826086956036,12.275,96.0,5.275,0.0,0.0
2017-09-11 06:46:00,1,0,504,0,3,4,344.27590715919723,12.296666666666669,95.93333333333334,5.3100000000000005,0.0,0.0
2017-09-11 06:47:00,0,0,307,0,0,2,336.3190585158499,12.318333333333332,95.86666666666666,5.345,0.0,0.0
2017-09-11 06:48:00,1,0,394,5,0,28,340.56390977443084,12.34,95.8,5.38,0.0,0.0
2017-09-11 06:49:00,1,0,278,0,0,5,338.0974174566798,12.361666666666666,95.73333333333332,5.415,0.0,0.0
2017-09-11 06:50:00,1,0,189,0,3,3,354.5969271003539,12.383333333333333,95.66666666666669,5.45,0.0,0.0
2017-09-11 06:51:00,0,0,518,0,0,36,352.3118666230739,12.405,95.6,5.485,0.0,0.0
2017-09-11 06:52:00,5,0,408,0,2,7,347.0101340307235,12.426666666666666,95.53333333333332,5.52,0.0,0.0
2017-09-11 06:53:00,4,0,293,0,0,1,321.5138934292203,12.448333333333334,95.46666666666668,5.555,0.0,0.0
2017-09-11 06:54:00,1,0,248,0,0,0,318.2693690748561,12.47,95.4,5.59,0.0,0.0
2017-09-11 06:55:00,0,0,297,0,1,1,301.690094802218,12.491666666666667,95.33333333333331,5.625,0.0,0.0
2017-09-11 06:56:00,2,0,177,0,0,1,293.7394573389943,12.513333333333334,95.26666666666668,5.66,0.0,0.0
2017-09-11 06:57:00,2,0,441,0,0,7,295.4985289310182,12.535,95.2,5.695,0.0,0.0
2017-09-11 06:58:00,1,0,207,0,34,4,273.0885910428201,12.556666666666668,95.13333333333334,5.73,0.0,0.0
2017-09-11 06:59:00,0,0,237,0,16,19,286.03988231447727,12.578333333333331,95.06666666666666,5.765000000000001,0.0,0.0
2017-09-11 07:00:00,0,0,133,0,0,0,289.13991500489857,12.6,95.0,5.8,0.0,0.0
2017-09-11 07:01:00,0,0,270,0,8,8,268.8796992481153,12.64,94.75,5.765,0.0,0.0
2017-09-11 07:02:00,0,0,264,0,0,0,262.28963713631504,12.68,94.5,5.73,0.0,0.0
2017-09-11 07:03:00,1,0,438,0,3,2,270.059496567502,12.72,94.25,5.695,0.0,0.0
2017-09-11 07:04:00,0,0,282,0,0,2,267.12585812356645,12.76,94.0,5.66,0.0,0.0
2017-09-11 07:05:00,0,0,291,0,5,5,284.56358287021504,12.8,93.75,5.625,0.0,0.0
2017-09-11 07:06:00,1,0,173,0,0,1,306.7724746649186,12.84,93.5,5.59,0.0,0.0
2017-09-11 07:07:00,8,0,271,0,0,2,307.61523373651016,12.88,93.25,5.555,0.0,0.0
2017-09-11 07:08:00,3,0,491,0,4,3,331.34259561947823,12.92,93.0,5.52,0.0,0.0
2017-09-11 07:09:00,1,0,166,0,5,3,325.62307943771975,12.96,92.75,5.484999999999999,0.0,0.0
2017-09-11 07:10:00,0,0,118,0,0,3,329.7659365805767,13.0,92.5,5.45,0.0,0.0
2017-09-11 07:11:00,1,0,279,0,2,5,316.8970251716195,13.04,92.25,5.415,0.0,0.0
2017-09-11 07:12:00,0,0,543,0,7,3,312.01503759397957,13.08,92.0,5.38,0.0,0.0
2017-09-11 07:13:00,2,0,386,0,7,4,306.54037267080196,13.12,91.75,5.345,0.0,0.0
2017-09-11 07:14:00,0,0,522,0,4,6,309.16443282117797,13.16,91.5,5.31,0.0,0.0
2017-09-11 07:15:00,29,0,192,0,0,1,296.29911735860867,13.2,91.25,5.275,0.0,0.0
2017-09-11 07:16:00,1,0,130,0,1,0,284.7267080745292,13.24,91.0,5.24,0.0,0.0
2017-09-11 07:17:00,1,0,209,0,6,6,264.2562929061734,13.28,90.75,5.205,0.0,0.0
2017-09-11 07:18:00,2,0,126,0,0,0,240.40438051650395,13.32,90.5,5.17,0.0,0.0
2017-09-11 07:19:00,0,0,320,0,8,4,232.7250735534449,13.36,90.25,5.135,0.0,0.0
2017-09-11 07:20:00,1,0,186,0,12,0,209.6508662961713,13.4,90.0,5.1,0.0,0.0
2017-09-11 07:21:00,2,0,210,0,7,0,176.27296502124497,13.44,89.75,5.065,0.0,0.0
2017-09-11 07:22:00,0,0,182,0,1,2,155.65021248773732,13.48,89.5,5.03,0.0,0.0
2017-09-11 07:23:00,0,0,99,0,1,1,157.79306963059489,13.52,89.25,4.995,0.0,0.0
2017-09-11 07:24:00,0,0,119,0,8,5,156.90258254331167,13.56,89.0,4.96,0.0,0.0
2017-09-11 07:25:00,0,0,183,0,0,1,167.68649885583267,13.6,88.75,4.925,0.0,0.0
2017-09-11 07:26:00,0,0,158,0,2,1,172.06668846027853,13.64,88.5,4.89,0.0,0.0
2017-09-11 07:27:00,2,0,90,0,2,0,162.885583524025,13.68,88.25,4.855,0.0,0.0
2017-09-11 07:28:00,0,0,182,0,5,2,163.90127492644416,13.72,88.0,4.82,0.0,0.0
2017-09-11 07:29:00,1,0,244,0,2,0,163.54985289309968,13.76,87.75,4.785,0.0,0.0
2017-09-11 07:30:00,2,0,169,0,1,2,172.18012422360013,13.8,87.5,4.75,0.0,0.0
2017-09-11 07:31:00,12,0,192,0,0,0,171.70545930042292,13.84,87.25,4.715,0.0,0.0
2017-09-11 07:32:00,6,0,147,0,3,1,176.63484798953738,13.88,87.0,4.68,0.0,0.0
2017-09-11 07:33:00,2,0,168,0,2,1,178.84995096436623,13.92,86.75,4.645,0.0,0.0
2017-09-11 07:34:00,9,0,147,0,12,0,190.14154952598759,13.96,86.5,4.609999999999999,0.0,0.0
2017-09-11 07:35:00,0,0,276,0,3,0,215.95586793069438,14.0,86.25,4.575,0.0,0.0
2017-09-11 07:36:00,3,0,158,1,1,0,235.9695979078109,14.04,86.0,4.54,0.0,0.0
2017-09-11 07:37:00,0,0,264,0,6,2,239.59823471722635,14.08,85.75,4.505,0.0,0.0
2017-09-11 07:38:00,1,0,245,0,4,0,265.13697286694793,14.12,85.5,4.47,0.0,0.0
2017-09-11 07:39:00,4,0,164,0,7,3,293.4413206930346,14.16,85.25,4.4350000000000005,0.0,0.0
2017-09-11 07:40:00,0,0,294,0,2,1,345.06636155606066,14.2,85.0,4.4,0.0,0.0
2017-09-11 07:41:00,1,0,385,0,9,1,379.41157240928027,14.24,84.75,4.365,0.0,0.0
2017-09-11 07:42:00,1,0,445,0,3,1,420.7613599215384,14.28,84.5,4.33,0.0,0.0
2017-09-11 07:43:00,1,0,585,0,5,3,447.99967309577806,14.32,84.25,4.295,0.0,0.0
2017-09-11 07:44:00,0,0,490,0,0,0,468.60019614252525,14.36,84.0,4.26,0.0,0.0
2017-09-11 07:45:00,2,0,328,0,6,0,501.80026152336785,14.4,83.75,4.225,0.0,0.0
2017-09-11 07:46:00,0,0,486,0,4,2,534.9535796011706,14.44,83.5,4.19,0.0,0.0
2017-09-11 07:47:00,0,0,819,0,5,2,571.972213141542,14.48,83.25,4.155,0.0,0.0
2017-09-11 07:48:00,0,0,546,0,7,3,584.5442955214045,14.52,83.0,4.12,0.0,0.0
2017-09-11 07:49:00,0,0,644,0,5,7,591.7139588100607,14.56,82.75,4.085,0.0,0.0
2017-09-11 07:50:00,0,0,418,0,0,3,581.8362209872427,14.6,82.5,4.05,0.0,0.0
2017-09-11 07:51:00,0,0,582,0,0,0,572.7842432167297,14.64,82.25,4.015,0.0,0.0
2017-09-11 07:52:00,1,0,503,0,0,1,580.4815299117274,14.68,82.0,3.98,0.0,0.0
2017-09-11 07:53:00,0,0,617,0,11,7,590.487741091851,14.72,81.75,3.945,0.0,0.0
2017-09-11 07:54:00,1,0,745,0,7,3,593.4105916966241,14.76,81.5,3.91,0.0,0.0
2017-09-11 07:55:00,7,0,534,0,3,5,593.7381497221224,14.8,81.25,3.875,0.0,0.0
2017-09-11 07:56:00,5,0,595,0,2,1,574.9725400457575,14.84,81.0,3.84,0.0,0.0
2017-09-11 07:57:00,2,0,297,0,3,1,564.7437070938122,14.88,80.75,3.805,0.0,0.0
2017-09-11 07:58:00,0,0,608,0,1,0,583.8404707420632,14.92,80.5,3.77,0.0,0.0
2017-09-11 07:59:00,5,0,588,0,2,3,583.6319058515759,14.96,80.25,3.735,0.0,0.0
2017-09-11 08:00:00,0,0,627,0,39,8,600.0542661000226,15.0,80.0,3.7,0.0,0.0
2017-09-11 08:01:00,0,0,704,0,6,2,585.1157240928303,15.048333333333334,79.76666666666667,3.66,0.0,0.0
2017-09-11 08:02:00,0,0,493,0,3,9,572.3461915658607,15.096666666666666,79.53333333333333,3.62,0.0,0.0
2017-09-11 08:03:00,5,0,395,0,3,8,545.0058842758968,15.145,79.3,3.58,0.0,0.0
2017-09-11 08:04:00,3,0,589,0,15,1,522.5361229159756,15.193333333333332,79.06666666666666,3.54,0.0,0.0
2017-09-11 08:05:00,6,0,523,3,0,1,505.2611964694251,15.241666666666667,78.83333333333333,3.5,0.0,0.0
2017-09-11 08:06:00,5,0,544,0,10,1,479.56390977442715,15.29,78.6,3.46,0.0,0.0
2017-09-11 08:07:00,2,0,485,0,12,3,451.2484472049606,15.338333333333331,78.36666666666666,3.42,0.0,0.0
2017-09-11 08:08:00,0,0,419,0,0,0,401.3886891140812,15.386666666666668,78.13333333333334,3.38,0.0,0.0
2017-09-11 08:09:00,1,0,398,0,8,2,365.470088264131,15.435,77.9,3.34,0.0,0.0
2017-09-11 08:10:00,1,0,184,0,4,1,330.88231448184973,15.483333333333333,77.66666666666667,3.3000000000000003,0.0,0.0
2017-09-11 08:11:00,0,0,243,0,0,0,307.6404053612225,15.531666666666666,77.43333333333334,3.26,0.0,0.0
2017-09-11 08:12:00,0,0,227,0,7,0,300.1471068976727,15.58,77.2,3.22,0.0,0.0
2017-09-11 08:13:00,0,0,249,0,3,2,272.94867603791516,15.628333333333334,76.96666666666667,3.18,0.0,0.0
2017-09-11 08:14:00,2,0,237,0,1,0,238.9280810722406,15.676666666666666,76.73333333333333,3.14,0.0,0.0
2017-09-11 08:15:00,0,0,294,0,3,3,225.64367440339518,15.725,76.5,3.1,0.0,0.0
2017-09-11 08:16:00,0,0,211,0,1,0,222.8414514547193,15.773333333333332,76.26666666666667,3.06,0.0,0.0
2017-09-11 08:17:00,2,0,278,0,0,0,225.0225563909732,15.821666666666664,76.03333333333333,3.02,0.0,0.0
2017-09-11 08:18:00,2,0,204,0,3,0,232.95750245177763,15.87,75.8,2.98,0.0,0.0
2017-09-11 08:19:00,5,0,251,0,0,3,247.32232755802133,15.918333333333331,75.56666666666666,2.94,0.0,0.0
2017-09-11 08:20:00,1,0,260,0,1,0,261.2736188296787,15.966666666666669,75.33333333333333,2.9,0.0,0.0
2017-09-11 08:21:00,1,0,240,0,0,0,253.02811376266345,16.015,75.1,2.86,0.0,0.0
2017-09-11 08:22:00,0,0,136,0,3,0,247.0866296175182,16.063333333333333,74.86666666666666,2.8200000000000003,0.0,0.0
2017-09-11 08:23:00,4,0,265,0,1,0,237.81399150048676,16.111666666666665,74.63333333333333,2.78,0.0,0.0
2017-09-11 08:24:00,2,0,310,0,8,0,238.54625694671108,16.16,74.4,2.74,0.0,0.0
2017-09-11 08:25:00,1,0,322,0,2,0,239.1242236024809,16.208333333333332,74.16666666666667,2.7,0.0,0.0
2017-09-11 08:26:00,1,0,208,0,4,2,248.1709709055209,16.256666666666668,73.93333333333334,2.66,0.0,0.0
2017-09-11 08:27:00,1,0,268,0,3,1,251.54789146779595,16.305,73.7,2.62,0.0,0.0
2017-09-11 08:28:00,1,0,247,0,1,0,257.20496894409524,16.35333333333333,73.46666666666667,2.58,0.0,0.0
2017-09-11 08:29:00,2,0,134,0,1,0,247.83458646616154,16.401666666666667,73.23333333333333,2.54,0.0,0.0
2017-09-11 08:30:00,8,0,151,0,3,0,250.40078457011697,16.45,73.0,2.5,0.0,0.0
2017-09-11 08:31:00,2,0,261,0,0,0,245.30205949656386,16.49833333333333,72.76666666666667,2.46,0.0,0.0
2017-09-11 08:32:00,0,0,284,0,2,2,241.55148741418415,16.546666666666667,72.53333333333333,2.42,0.0,0.0
2017-09-11 08:33:00,3,0,355,0,1,0,235.48839490029053,16.595,72.3,2.38,0.0,0.0
2017-09-11 08:34:00,8,0,261,0,0,0,236.64432821183019,16.64333333333333,72.06666666666666,2.34,0.0,0.0
2017-09-11 08:35:00,7,0,254,0,0,1,247.53841124550107,16.691666666666666,71.83333333333333,2.3,0.0,0.0
2017-09-11 08:36:00,4,0,201,0,1,0,243.63419418110152,16.74,71.6,2.26,0.0,0.0
2017-09-11 08:37:00,0,0,171,0,1,0,245.58744687806123,16.788333333333334,71.36666666666667,2.22,0.0,0.0
2017-09-11 08:38:00,4,0,171,0,0,0,257.24713958809696,16.836666666666666,71.13333333333333,2.18,0.0,0.0
2017-09-11 08:39:00,2,0,310,0,0,1,263.9055246812646,16.884999999999998,70.9,2.14,0.0,0.0
2017-09-11 08:40:00,0,0,198,0,0,1,260.8937561294501,16.933333333333334,70.66666666666667,2.1,0.0,0.0
2017-09-11 08:41:00,0,0,323,0,0,1,254.17489375612527,16.981666666666666,70.43333333333334,2.06,0.0,0.0
2017-09-11 08:42:00,1,0,316,0,5,2,248.49820202680215,17.029999999999998,70.2,2.02,0.0,0.0
2017-09-11 08:43:00,0,0,241,0,0,0,249.8754494932945,17.078333333333333,69.96666666666667,1.98,0.0,0.0
2017-09-11 08:44:00,3,0,238,0,3,0,255.39882314481483,17.126666666666665,69.73333333333333,1.94,0.0,0.0
2017-09-11 08:45:00,0,0,153,1,1,0,260.98986596926727,17.174999999999997,69.5,1.9,0.0,0.0
2017-09-11 08:46:00,3,0,409,0,5,1,259.3824779339619,17.223333333333333,69.26666666666667,1.86,0.0,0.0
2017-09-11 08:47:00,6,0,275,0,4,0,261.88362209872156,17.271666666666665,69.03333333333333,1.82,0.0,0.0
2017-09-11 08:48:00,3,0,195,0,1,2,263.8506047727978,17.32,68.8,1.7799999999999998,0.0,0.0
2017-09-11 08:49:00,1,0,235,0,0,0,245.68519123896377,17.368333333333332,68.56666666666666,1.7399999999999998,0.0,0.0
2017-09-11 08:50:00,0,0,219,0,1,0,259.34782608695315,17.416666666666664,68.33333333333333,1.6999999999999995,0.0,0.0
2017-09-11 08:51:00,1,0,233,0,1,0,261.7525335076786,17.465,68.1,1.6599999999999997,0.0,0.0
2017-09-11 08:52:00,1,0,306,0,0,1,278.11899313500766,17.513333333333332,67.86666666666667,1.6199999999999997,0.0,0.0
2017-09-11 08:53:00,7,0,248,0,0,0,289.0928407976427,17.561666666666667,67.63333333333333,1.5799999999999996,0.0,0.0
2017-09-11 08:54:00,0,0,311,0,0,2,306.9741745668478,17.61,67.4,1.5399999999999996,0.0,0.0
2017-09-11 08:55:00,0,2,262,0,2,0,317.4995096436701,17.65833333333333,67.16666666666667,1.4999999999999996,0.0,0.0
2017-09-11 08:56:00,0,2,396,0,1,0,331.0532853873764,17.706666666666663,66.93333333333334,1.46,0.0,0.0
2017-09-11 08:57:00,0,0,317,0,2,1,349.57698594311364,17.755,66.7,1.42,0.0,0.0
2017-09-11 08:58:00,0,0,267,0,3,0,355.62602157567346,17.80333333333333,66.46666666666667,1.38,0.0,0.0
2017-09-11 08:59:00,0,0,570,0,1,2,356.3945733899919,17.851666666666667,66.23333333333333,1.34,0.0,0.0
2017-09-11 09:00:00,2,0,327,0,0,0,367.93559986923293,17.9,66.0,1.3,0.0,0.0
2017-09-11 09:01:00,3,0,378,0,2,0,348.1140895717509,17.939999999999998,65.86666666666666,1.3433333333333333,0.0,0.0
2017-09-11 09:02:00,0,0,320,0,1,3,339.24419745014285,17.979999999999997,65.73333333333333,1.3866666666666667,0.0,0.0
2017-09-11 09:03:00,0,0,448,0,2,0,342.6917293233041,18.02,65.6,1.43,0.0,0.0
2017-09-11 09:04:00,0,0,287,0,3,2,337.2151029748244,18.06,65.46666666666667,1.4733333333333334,0.0,0.0
2017-09-11 09:05:00,0,0,375,0,1,1,323.6851912389641,18.1,65.33333333333333,1.5166666666666666,0.0,0.0
2017-09-11 09:06:00,0,0,172,0,2,0,339.3831317423962,18.14,65.2,1.56,0.0,0.0
2017-09-11 09:07:00,0,0,323,1,0,0,367.8058188950602,18.18,65.06666666666666,1.6033333333333333,0.0,0.0
2017-09-11 09:08:00,1,0,395,0,7,3,386.0771493952236,18.22,64.93333333333334,1.6466666666666667,0.0,0.0
2017-09-11 09:09:00,0,0,394,0,3,3,423.5240274599496,18.26,64.8,1.69,0.0,0.0
2017-09-11 09:10:00,0,0,231,0,0,1,496.64105916965747,18.3,64.66666666666667,1.7333333333333334,0.0,0.0
2017-09-11 09:11:00,0,0,654,0,0,0,552.0928407976392,18.34,64.53333333333333,1.7766666666666666,0.0,0.0
2017-09-11 09:12:00,2,0,586,0,3,2,594.6005230467395,18.38,64.4,1.82,0.0,0.0
2017-09-11 09:13:00,0,0,552,0,0,0,633.6083687479484,18.42,64.26666666666667,1.8633333333333333,0.0,0.0
2017-09-11 09:14:00,2,0,684,0,6,1,684.1592023537007,18.46,64.13333333333334,1.9066666666666667,0.0,0.0
2017-09-11 09:15:00,0,0,1021,0,1,4,697.0483818241157,18.5,64.0,1.95,0.0,0.0
2017-09-11 09:16:00,0,0,717,0,2,2,714.2415822164005,18.54,63.86666666666667,1.9933333333333327,0.0,0.0
2017-09-11 09:17:00,0,0,756,0,3,0,698.705132396198,18.58,63.73333333333333,2.036666666666666,0.0,0.0
2017-09-11 09:18:00,0,0,947,0,0,1,690.9414841451355,18.62,63.6,2.08,0.0,0.0
2017-09-11 09:19:00,0,0,690,0,0,0,672.2749264465413,18.66,63.46666666666667,2.123333333333333,0.0,0.0
2017-09-11 09:20:00,1,0,475,0,15,2,655.8156260215658,18.7,63.333333333333336,2.1666666666666665,0.0,0.0
2017-09-11 09:21:00,0,0,436,1,0,0,602.4217064400035,18.74,63.2,2.21,0.0,0.0
2017-09-11 09:22:00,0,0,587,0,0,0,591.0395554102553,18.78,63.06666666666667,2.2533333333333334,0.0,0.0
2017-09-11 09:23:00,0,0,498,0,0,1,586.0330173259135,18.82,62.93333333333334,2.296666666666667,0.0,0.0
2017-09-11 09:24:00,0,0,337,0,3,0,554.3785550833505,18.86,62.8,2.34,0.0,0.0
2017-09-11 09:25:00,0,0,573,0,7,9,537.274599542324,18.9,62.66666666666666,2.3833333333333333,0.0,0.0
2017-09-11 09:26:00,2,0,513,0,0,3,549.3618829682806,18.94,62.53333333333333,2.4266666666666667,0.0,0.0
2017-09-11 09:27:00,0,0,639,0,4,2,544.0300751879602,18.98,62.4,2.47,0.0,0.0
2017-09-11 09:28:00,0,0,536,0,4,3,539.8976789800496,19.02,62.266666666666666,2.513333333333333,0.0,0.0
2017-09-11 09:29:00,0,0,674,0,1,7,563.7754168028678,19.06,62.13333333333333,2.556666666666666,0.0,0.0
2017-09-11 09:30:00,0,0,557,0,6,1,573.490356325588,19.1,62.0,2.6,0.0,0.0
2017-09-11 09:31:00,1,0,796,0,1,1,586.6786531546164,19.14,61.86666666666667,2.643333333333333,0.0,0.0
2017-09-11 09:32:00,0,0,582,0,0,0,564.5047401111386,19.18,61.73333333333333,2.6866666666666665,0.0,0.0
2017-09-11 09:33:00,2,0,348,0,2,1,571.4481856815862,19.22,61.6,2.7299999999999995,0.0,0.0
2017-09-11 09:34:00,0,0,579,0,0,4,563.5694671461172,19.26,61.46666666666667,2.773333333333333,0.0,0.0
2017-09-11 09:35:00,1,0,478,0,4,1,513.25858123569,19.3,61.333333333333336,2.8166666666666664,0.0,0.0
2017-09-11 09:36:00,7,0,455,0,5,4,490.1160509970508,19.34,61.2,2.86,0.0,0.0
2017-09-11 09:37:00,7,0,480,0,0,4,497.3808434128722,19.38,61.06666666666666,2.9033333333333333,0.0,0.0
2017-09-11 09:38:00,0,0,568,0,1,1,487.73814972212404,19.42,60.93333333333334,2.9466666666666663,0.0,0.0
2017-09-11 09:39:00,1,0,493,1,0,1,494.8738149722052,19.46,60.8,2.99,0.0,0.0
2017-09-11 09:40:00,1,0,545,0,6,0,501.00621118011657,19.5,60.66666666666666,3.033333333333333,0.0,0.0
2017-09-11 09:41:00,0,0,274,0,0,1,515.158548545268,19.54,60.53333333333333,3.076666666666666,0.0,0.0
2017-09-11 09:42:00,1,0,622,0,14,5,529.018633540365,19.58,60.4,3.12,0.0,0.0
2017-09-11 09:43:00,1,0,360,0,3,3,551.8492971559256,19.62,60.266666666666666,3.163333333333333,0.0,0.0
2017-09-11 09:44:00,0,0,428,0,0,2,558.3004249754739,19.66,60.13333333333333,3.2066666666666666,0.0,0.0
2017-09-11 09:45:00,0,0,859,0,2,0,573.2255639097662,19.7,60.0,3.25,0.0,0.0
2017-09-11 09:46:00,0,0,839,0,1,2,581.4141876430118,19.74,59.86666666666667,3.293333333333333,0.0,0.0
2017-09-11 09:47:00,0,0,373,0,1,1,589.1984308597492,19.78,59.73333333333333,3.336666666666667,0.0,0.0
2017-09-11 09:48:00,0,0,751,0,0,1,590.2471395880918,19.82,59.6,3.38,0.0,0.0
2017-09-11 09:49:00,0,0,460,0,0,0,607.7348806799514,19.86,59.46666666666667,3.423333333333333,0.0,0.0
2017-09-11 09:50:00,0,0,638,0,0,0,611.4517816279734,19.9,59.333333333333336,3.466666666666667,0.0,0.0
2017-09-11 09:51:00,0,0,430,0,3,4,609.0764955867838,19.94,59.2,3.51,0.0,0.0
2017-09-11 09:52:00,0,0,751,0,4,11,574.2729650212398,19.98,59.06666666666666,3.553333333333333,0.0,0.0
2017-09-11 09:53:00,0,0,545,0,1,2,570.9666557698507,20.02,58.93333333333334,3.5966666666666667,0.0,0.0
2017-09-11 09:54:00,0,0,496,0,2,1,540.281464530884,20.06,58.8,3.64,0.0,0.0
2017-09-11 09:55:00,0,0,561,0,2,4,524.5469107551396,20.1,58.66666666666666,3.6833333333333327,0.0,0.0
2017-09-11 09:56:00,0,0,558,0,0,2,539.2154298790363,20.14,58.53333333333333,3.7266666666666666,0.0,0.0
2017-09-11 09:57:00,1,0,500,0,2,6,545.4092840797563,20.18,58.4,3.77,0.0,0.0
2017-09-11 09:58:00,2,0,578,0,2,1,527.7914351095042,20.22,58.266666666666666,3.8133333333333335,0.0,0.0
2017-09-11 09:59:00,0,0,380,0,7,3,522.9310232101915,20.26,58.13333333333333,3.8566666666666665,0.0,0.0
2017-09-11 10:00:00,0,0,428,0,1,2,509.3949002942059,20.3,58.0,3.9,0.0,0.0
2017-09-11 10:01:00,1,0,517,0,2,8,514.683556717874,20.331666666666667,57.9,3.9,0.0,0.0
2017-09-11 10:02:00,3,0,651,0,0,0,497.7175547564489,20.363333333333333,57.8,3.9,0.0,0.0
2017-09-11 10:03:00,0,0,558,0,0,3,527.4128800261446,20.395,57.7,3.9,0.0,0.0
2017-09-11 10:04:00,1,0,648,0,2,7,548.2997711670399,20.426666666666662,57.6,3.9,0.0,0.0
2017-09-11 10:05:00,0,0,414,1,1,1,551.3765936580497,20.458333333333336,57.5,3.9,0.0,0.0
2017-09-11 10:06:00,0,0,382,0,0,3,574.5701209545514,20.49,57.4,3.9,0.0,0.0
2017-09-11 10:07:00,0,0,585,0,8,2,576.9300424975395,20.52166666666667,57.3,3.9,0.0,0.0
2017-09-11 10:08:00,3,0,482,0,2,1,576.0663615560555,20.55333333333333,57.2,3.9,0.0,0.0
2017-09-11 10:09:00,0,0,721,0,4,5,578.4060150375859,20.585,57.1,3.9,0.0,0.0
2017-09-11 10:10:00,0,0,649,0,6,2,581.2494279176117,20.616666666666667,57.0,3.9,0.0,0.0
2017-09-11 10:11:00,0,0,613,0,1,1,563.8012422360168,20.648333333333333,56.9,3.9,0.0,0.0
2017-09-11 10:12:00,2,0,775,0,1,3,545.2919254658315,20.68,56.8,3.9,0.0,0.0
2017-09-11 10:13:00,2,0,524,0,2,0,584.6054266099953,20.711666666666662,56.7,3.9,0.0,0.0
2017-09-11 10:14:00,8,0,433,0,2,2,609.2850604772716,20.74333333333333,56.6,3.9,0.0,0.0
2017-09-11 10:15:00,0,0,614,0,3,0,647.9241582216318,20.775,56.5,3.9,0.0,0.0
2017-09-11 10:16:00,1,0,361,0,2,4,649.4056881333673,20.80666666666667,56.4,3.9,0.0,0.0
2017-09-11 10:17:00,0,0,631,0,0,0,632.325923504404,20.83833333333333,56.3,3.9,0.0,0.0
2017-09-11 10:18:00,0,0,654,0,6,1,635.5848316443189,20.87,56.2,3.9,0.0,0.0
2017-09-11 10:19:00,0,0,748,0,7,1,629.3510951291181,20.901666666666667,56.1,3.9,0.0,0.0
2017-09-11 10:20:00,0,0,558,0,0,4,666.0493625367668,20.933333333333334,56.0,3.9,0.0,0.0
2017-09-11 10:21:00,1,0,868,0,0,1,677.1732592350343,20.965,55.9,3.9,0.0,0.0
2017-09-11 10:22:00,0,0,1107,0,1,5,691.9970578620363,20.996666666666663,55.8,3.9,0.0,0.0
2017-09-11 10:23:00,2,0,515,0,3,4,719.4069957502351,21.02833333333333,55.7,3.9,0.0,0.0
2017-09-11 10:24:00,0,0,598,0,1,2,732.9807126511828,21.06,55.6,3.9,0.0,0.0
2017-09-11 10:25:00,0,0,459,0,1,1,736.2595619483382,21.09166666666667,55.5,3.9,0.0,0.0
2017-09-11 10:26:00,0,0,660,0,8,7,746.6361556063961,21.12333333333333,55.4,3.9,0.0,0.0
2017-09-11 10:27:00,0,0,860,0,1,1,721.5413533834474,21.155,55.3,3.9,0.0,0.0
2017-09-11 10:28:00,3,0,801,0,2,5,714.5665250081613,21.186666666666667,55.2,3.9,0.0,0.0
2017-09-11 10:29:00,0,0,864,0,0,3,697.9725400457555,21.218333333333334,55.1,3.9,0.0,0.0
2017-09-11 10:30:00,0,0,485,0,3,7,704.311539718851,21.25,55.0,3.9,0.0,0.0
2017-09-11 10:31:00,1,0,760,0,6,7,681.3334423013943,21.281666666666663,54.9,3.9,0.0,0.0
2017-09-11 10:32:00,0,0,691,0,2,6,674.7515527950202,21.313333333333333,54.8,3.9,0.0,0.0
2017-09-11 10:33:00,4,0,717,0,2,1,698.9633867276785,21.345,54.7,3.9,0.0,0.0
2017-09-11 10:34:00,0,0,656,0,10,0,689.894083033661,21.376666666666665,54.6,3.9,0.0,0.0
2017-09-11 10:35:00,0,0,614,0,2,4,675.7780320366033,21.40833333333333,54.5,3.9,0.0,0.0
2017-09-11 10:36:00,1,0,581,0,0,3,667.7590715920127,21.44,54.4,3.9,0.0,0.0
2017-09-11 10:37:00,0,0,714,0,0,4,645.864334749908,21.471666666666668,54.3,3.9,0.0,0.0
2017-09-11 10:38:00,0,0,626,0,1,0,652.589735207574,21.50333333333333,54.2,3.9,0.0,0.0
2017-09-11 10:39:00,0,0,749,0,5,8,654.1490683229716,21.535,54.1,3.9,0.0,0.0
2017-09-11 10:40:00,1,0,506,1,4,3,691.4288983327782,21.566666666666663,54.0,3.9,0.0,0.0
2017-09-11 10:41:00,2,0,650,2,1,2,677.8692383131639,21.598333333333333,53.9,3.9,0.0,0.0
2017-09-11 10:42:00,0,0,741,0,7,6,692.1408957175444,21.63,53.8,3.9,0.0,0.0
2017-09-11 10:43:00,0,0,720,0,16,8,691.0689767897906,21.661666666666665,53.7,3.9,0.0,0.0
2017-09-11 10:44:00,1,0,687,0,4,10,712.7508989865865,21.69333333333333,53.6,3.9,0.0,0.0
2017-09-11 10:45:00,0,0,829,0,1,2,725.6966328865536,21.725,53.5,3.9,0.0,0.0
2017-09-11 10:46:00,0,0,511,0,9,6,749.8793723438916,21.756666666666668,53.4,3.9,0.0,0.0
2017-09-11 10:47:00,0,0,864,0,0,7,752.6168682575889,21.78833333333333,53.3,3.9,0.0,0.0
2017-09-11 10:48:00,2,0,740,0,2,0,745.9931350114302,21.82,53.2,3.9,0.0,0.0
2017-09-11 10:49:00,18,0,855,5,2,1,746.4720496894295,21.851666666666667,53.1,3.9,0.0,0.0
2017-09-11 10:50:00,1,0,500,0,5,2,738.7201699901821,21.883333333333333,53.0,3.9,0.0,0.0
2017-09-11 10:51:00,0,0,814,0,4,1,726.7018633540263,21.915,52.9,3.9,0.0,0.0
2017-09-11 10:52:00,0,0,706,0,8,3,714.3530565544189,21.946666666666665,52.8,3.9,0.0,0.0
2017-09-11 10:53:00,1,0,925,0,0,2,724.7240928407865,21.97833333333333,52.7,3.9,0.0,0.0
2017-09-11 10:54:00,5,0,675,0,3,6,733.1323962078997,22.01,52.6,3.9,0.0,0.0
2017-09-11 10:55:00,0,0,747,0,2,1,742.8146453089125,22.041666666666664,52.5,3.9,0.0,0.0
2017-09-11 10:56:00,0,0,467,0,2,1,747.3504413206813,22.07333333333333,52.4,3.9,0.0,0.0
2017-09-11 10:57:00,1,0,596,0,2,2,719.3805165086515,22.105,52.3,3.9,0.0,0.0
2017-09-11 10:58:00,0,0,841,0,2,2,702.9130434782505,22.136666666666667,52.2,3.9,0.0,0.0
2017-09-11 10:59:00,2,0,652,0,1,2,694.2441974501376,22.168333333333333,52.1,3.9,0.0,0.0
2017-09-11 11:00:00,0,0,934,0,0,1,732.0366132723009,22.2,52.0,3.9,0.0,0.0
2017-09-11 11:01:00,3,0,758,0,6,2,712.5122589081299,22.223333333333333,51.96666666666667,3.928333333333333,0.0,0.0
2017-09-11 11:02:00,9,0,873,0,5,5,743.3694017652722,22.246666666666663,51.93333333333333,3.9566666666666666,0.0,0.0
2017-09-11 11:03:00,0,0,670,0,3,6,734.8676037920791,22.27,51.9,3.985,0.0,0.0
2017-09-11 11:04:00,2,0,664,0,1,1,807.0764955867818,22.293333333333333,51.86666666666667,4.013333333333334,0.0,0.0
2017-09-11 11:05:00,2,0,529,0,3,5,839.4511278195366,22.316666666666663,51.833333333333336,4.041666666666667,0.0,0.0
2017-09-11 11:06:00,0,0,699,2,1,5,871.9545603138155,22.34,51.8,4.07,0.0,0.0
2017-09-11 11:07:00,2,0,843,0,3,3,866.8277214775939,22.363333333333333,51.766666666666666,4.098333333333334,0.0,0.0
2017-09-11 11:08:00,0,0,1123,0,13,4,868.1278195488586,22.386666666666667,51.73333333333333,4.126666666666667,0.0,0.0
2017-09-11 11:09:00,0,0,1100,0,7,0,878.9669826740628,22.41,51.7,4.155,0.0,0.0
2017-09-11 11:10:00,0,0,667,0,16,6,860.6694998365348,22.433333333333334,51.66666666666666,4.183333333333334,0.0,0.0
2017-09-11 11:11:00,0,0,1131,0,10,2,894.1546256946574,22.456666666666667,51.63333333333333,4.211666666666667,0.0,0.0
2017-09-11 11:12:00,0,0,781,0,0,6,895.2023537103489,22.48,51.6,4.24,0.0,0.0
2017-09-11 11:13:00,0,0,1336,0,6,2,911.9071592023392,22.50333333333333,51.56666666666667,4.2683333333333335,0.0,0.0
2017-09-11 11:14:00,2,0,489,0,7,3,887.3713631905713,22.526666666666667,51.53333333333333,4.296666666666667,0.0,0.0
2017-09-11 11:15:00,0,0,712,3,1,9,873.4635501797832,22.55,51.5,4.325,0.0,0.0
2017-09-11 11:16:00,0,0,703,0,3,1,832.5992154298648,22.57333333333333,51.46666666666667,4.3533333333333335,0.0,0.0
2017-09-11 11:17:00,2,0,839,0,1,1,793.5429879045296,22.596666666666668,51.43333333333333,4.381666666666667,0.0,0.0
2017-09-11 11:18:00,0,0,736,0,2,6,722.6610003268914,22.62,51.4,4.41,0.0,0.0
2017-09-11 11:19:00,1,0,777,0,4,1,699.9382151029631,22.64333333333333,51.36666666666667,4.4383333333333335,0.0,0.0
2017-09-11 11:20:00,0,0,991,0,1,2,697.056881333758,22.666666666666668,51.333333333333336,4.466666666666667,0.0,0.0
2017-09-11 11:21:00,0,0,478,1,9,16,655.815626021565,22.69,51.3,4.495,0.0,0.0
2017-09-11 11:22:00,0,0,696,0,1,2,690.4069957502342,22.71333333333333,51.266666666666666,4.523333333333333,0.0,0.0
2017-09-11 11:23:00,1,0,519,0,0,2,674.973520758407,22.736666666666668,51.23333333333333,4.551666666666667,0.0,0.0
2017-09-11 11:24:00,0,0,802,0,5,2,733.2706766917183,22.76,51.2,4.58,0.0,0.0
2017-09-11 11:25:00,1,0,516,0,4,11,726.7420725727246,22.78333333333333,51.16666666666666,4.608333333333333,0.0,0.0
2017-09-11 11:26:00,1,0,560,0,2,5,741.5972540045644,22.80666666666667,51.13333333333333,4.636666666666667,0.0,0.0
2017-09-11 11:27:00,0,0,499,0,8,3,713.9816933638332,22.83,51.1,4.665,0.0,0.0
2017-09-11 11:28:00,2,0,1074,0,11,7,729.7548218371903,22.85333333333333,51.06666666666667,4.693333333333333,0.0,0.0
2017-09-11 11:29:00,0,0,903,0,1,10,740.4423014056765,22.87666666666667,51.03333333333333,4.721666666666667,0.0,0.0
2017-09-11 11:30:00,0,0,794,0,6,1,728.3324615887435,22.9,51.0,4.75,0.0,0.0
2017-09-11 11:31:00,0,0,1017,0,18,1,756.3831317423889,22.92333333333333,50.96666666666667,4.778333333333333,0.0,0.0
2017-09-11 11:32:00,0,0,467,0,32,4,744.5756783262401,22.946666666666665,50.93333333333333,4.806666666666667,0.0,0.0
2017-09-11 11:33:00,0,0,902,0,1,0,769.9208891794593,22.97,50.9,4.835,0.0,0.0
2017-09-11 11:34:00,3,0,576,0,1,3,753.2291598561516,22.99333333333333,50.86666666666667,4.863333333333333,0.0,0.0
2017-09-11 11:35:00,2,0,665,0,4,1,783.5299117358502,23.016666666666666,50.833333333333336,4.891666666666667,0.0,0.0
2017-09-11 11:36:00,1,0,456,0,4,7,777.5567178816489,23.04,50.8,4.92,0.0,0.0
2017-09-11 11:37:00,2,0,1004,0,25,12,772.8561621444795,23.063333333333333,50.766666666666666,4.948333333333333,0.0,0.0
2017-09-11 11:38:00,0,0,647,0,4,2,746.6884602811255,23.086666666666662,50.73333333333333,4.976666666666667,0.0,0.0
2017-09-11 11:39:00,0,0,590,0,11,5,759.984962406003,23.11,50.7,5.005,0.0,0.0
2017-09-11 11:40:00,0,0,988,0,28,1,785.9440993788695,23.133333333333333,50.66666666666666,5.033333333333333,0.0,0.0
2017-09-11 11:41:00,1,0,837,0,2,2,781.797646289625,23.156666666666663,50.63333333333333,5.0616666666666665,0.0,0.0
2017-09-11 11:42:00,0,0,997,0,1,0,823.473357306297,23.18,50.6,5.09,0.0,0.0
2017-09-11 11:43:00,0,0,629,0,10,9,802.630598234705,23.203333333333333,50.56666666666667,5.118333333333333,0.0,0.0
2017-09-11 11:44:00,0,0,1015,0,2,5,835.6397515527823,23.226666666666667,50.53333333333333,5.1466666666666665,0.0,0.0
2017-09-11 11:45:00,0,0,639,0,1,4,820.4962406014912,23.25,50.5,5.175,0.0,0.0
2017-09-11 11:46:00,0,0,789,1,7,2,808.7643020594841,23.273333333333333,50.46666666666667,5.203333333333333,0.0,0.0
2017-09-11 11:47:00,0,0,688,3,4,2,776.6567505720698,23.296666666666667,50.43333333333333,5.2316666666666665,0.0,0.0
2017-09-11 11:48:00,2,0,765,0,29,6,775.112128146441,23.32,50.4,5.26,0.0,0.0
2017-09-11 11:49:00,0,0,857,0,8,0,755.8502778685724,23.343333333333334,50.36666666666667,5.288333333333333,0.0,0.0
2017-09-11 11:50:00,0,0,579,0,2,4,715.5102974828261,23.366666666666667,50.333333333333336,5.316666666666666,0.0,0.0
2017-09-11 11:51:00,1,0,906,0,1,7,735.2461588754373,23.39,50.3,5.345,0.0,0.0
2017-09-11 11:52:00,0,0,573,0,0,2,716.9810395553989,23.41333333333333,50.266666666666666,5.373333333333333,0.0,0.0
2017-09-11 11:53:00,0,0,889,0,4,3,743.101994115712,23.436666666666667,50.23333333333333,5.401666666666666,0.0,0.0
2017-09-11 11:54:00,0,0,477,0,6,5,740.0581889506252,23.46,50.2,5.43,0.0,0.0
2017-09-11 11:55:00,1,0,754,0,3,4,752.843085975797,23.48333333333333,50.16666666666666,5.458333333333333,0.0,0.0
2017-09-11 11:56:00,0,0,727,0,5,3,737.3713631905736,23.506666666666668,50.13333333333333,5.486666666666666,0.0,0.0
2017-09-11 11:57:00,2,0,682,1,3,7,730.8957175547449,23.53,50.1,5.515,0.0,0.0
2017-09-11 11:58:00,0,0,837,0,0,1,733.3926119646824,23.55333333333333,50.06666666666667,5.543333333333333,0.0,0.0
2017-09-11 11:59:00,3,0,720,0,6,11,721.536122915974,23.576666666666668,50.03333333333333,5.571666666666666,0.0,0.0
2017-09-11 12:00:00,0,0,944,1,2,4,734.5001634520969,23.6,50.0,5.6,0.0,0.0
2017-09-11 12:01:00,0,0,523,1,2,4,710.174239947684,23.62,49.93333333333333,5.6066666666666665,0.0,0.0
2017-09-11 12:02:00,0,0,936,0,0,4,728.7100359594522,23.64,49.86666666666667,5.613333333333333,0.0,0.0
2017-09-11 12:03:00,2,0,541,0,3,3,709.6064073226427,23.66,49.8,5.619999999999999,0.0,0.0
2017-09-11 12:04:00,0,0,513,0,13,13,716.2530238639962,23.68,49.73333333333333,5.626666666666666,0.0,0.0
2017-09-11 12:05:00,0,0,677,0,1,0,658.9610983981589,23.700000000000003,49.66666666666666,5.633333333333333,0.0,0.0
2017-09-11 12:06:00,1,0,721,0,3,2,651.2687152664165,23.72,49.6,5.64,0.0,0.0
2017-09-11 12:07:00,0,0,755,0,0,8,652.4668192219575,23.74,49.53333333333333,5.6466666666666665,0.0,0.0
2017-09-11 12:08:00,0,0,498,1,0,5,645.1549525988778,23.76,49.46666666666667,5.653333333333333,0.0,0.0
2017-09-11 12:09:00,0,0,778,0,1,7,652.7139588100578,23.78,49.4,5.66,0.0,0.0
2017-09-11 12:10:00,1,0,534,0,3,0,635.474664923167,23.8,49.333333333333336,5.666666666666666,0.0,0.0
2017-09-11 12:11:00,0,0,749,0,1,3,658.98659692709,23.82,49.266666666666666,5.673333333333333,0.0,0.0
2017-09-11 12:12:00,5,0,454,0,2,8,631.359267734544,23.84,49.2,5.68,0.0,0.0
2017-09-11 12:13:00,0,0,598,0,0,0,651.3337692056134,23.860000000000003,49.13333333333333,5.6866666666666665,0.0,0.0
2017-09-11 12:14:00,5,0,514,1,0,9,653.9921542987809,23.880000000000003,49.06666666666667,5.693333333333333,0.0,0.0
2017-09-11 12:15:00,3,0,1051,0,10,0,638.6230794377153,23.9,49.0,5.699999999999999,0.0,0.0
2017-09-11 12:16:00,1,0,707,0,1,4,662.6855181431737,23.92,48.93333333333333,5.706666666666666,0.0,0.0
2017-09-11 12:17:00,2,0,556,0,0,2,667.4579928080971,23.94,48.86666666666667,5.713333333333333,0.0,0.0
2017-09-11 12:18:00,1,0,568,5,3,20,680.9437724746551,23.96,48.8,5.72,0.0,0.0
2017-09-11 12:19:00,1,0,503,0,1,10,679.0621118012324,23.98,48.73333333333333,5.726666666666667,0.0,0.0
2017-09-11 12:20:00,2,0,806,0,0,2,706.569140241899,24.0,48.66666666666666,5.733333333333333,0.0,0.0
2017-09-11 12:21:00,17,0,530,0,0,1,703.8630271330396,24.02,48.6,5.74,0.0,0.0
2017-09-11 12:22:00,2,0,892,0,3,5,728.8793723438929,24.040000000000003,48.53333333333333,5.746666666666666,0.0,0.0
2017-09-11 12:23:00,0,0,758,0,4,6,731.0859758090769,24.06,48.46666666666667,5.753333333333333,0.0,0.0
2017-09-11 12:24:00,2,0,675,0,5,0,738.6008499509529,24.08,48.4,5.76,0.0,0.0
2017-09-11 12:25:00,0,0,919,0,1,3,726.3491337038131,24.1,48.333333333333336,5.766666666666667,0.0,0.0
2017-09-11 12:26:00,16,0,472,0,4,4,746.6838836220877,24.12,48.266666666666666,5.773333333333333,0.0,0.0
2017-09-11 12:27:00,0,0,802,0,1,5,770.3507682248984,24.14,48.2,5.779999999999999,0.0,0.0
2017-09-11 12:28:00,4,0,797,12,1,1,763.4383785550716,24.16,48.13333333333333,5.786666666666666,0.0,0.0
2017-09-11 12:29:00,0,0,797,1,0,2,769.0679960771371,24.18,48.06666666666667,5.793333333333333,0.0,0.0
2017-09-11 12:30:00,5,0,635,2,11,19,744.2553121935149,24.200000000000003,48.0,5.8,0.0,0.0
2017-09-11 12:31:00,2,0,846,0,1,7,739.5181431840347,24.22,47.93333333333334,5.806666666666667,0.0,0.0
2017-09-11 12:32:00,7,0,681,0,2,3,688.0666884602698,24.24,47.86666666666667,5.8133333333333335,0.0,0.0
2017-09-11 12:33:00,9,0,653,1,1,0,669.3164432821081,24.26,47.8,5.82,0.0,0.0
2017-09-11 12:34:00,12,0,571,0,5,7,658.8927754167928,24.28,47.73333333333333,5.826666666666666,0.0,0.0
2017-09-11 12:35:00,52,0,630,0,2,8,636.4851258581141,24.3,47.66666666666666,5.833333333333333,0.0,0.0
2017-09-11 12:36:00,27,0,786,1,8,13,668.0483818241156,24.32,47.6,5.84,0.0,0.0
2017-09-11 12:37:00,3,0,491,0,2,5,662.0876103301626,24.34,47.53333333333333,5.846666666666667,0.0,0.0
2017-09-11 12:38:00,1,0,683,0,1,0,652.8761033017224,24.36,47.46666666666667,5.8533333333333335,0.0,0.0
2017-09-11 12:39:00,0,0,415,0,0,1,675.8179143510845,24.380000000000003,47.4,5.859999999999999,0.0,0.0
2017-09-11 12:40:00,1,0,589,0,2,0,681.7417456685087,24.4,47.333333333333336,5.866666666666666,0.0,0.0
2017-09-11 12:41:00,16,0,505,0,0,5,701.097417456674,24.42,47.266666666666666,5.873333333333333,0.0,0.0
2017-09-11 12:42:00,1,0,910,0,2,0,703.9810395553999,24.44,47.2,5.88,0.0,0.0
2017-09-11 12:43:00,0,0,922,0,6,1,726.5021248774,24.46,47.13333333333333,5.886666666666667,0.0,0.0
2017-09-11 12:44:00,7,0,799,0,11,2,726.4648577966548,24.48,47.06666666666667,5.8933333333333335,0.0,0.0
2017-09-11 12:45:00,4,0,973,0,12,8,741.7783589408191,24.5,47.0,5.9,0.0,0.0
2017-09-11 12:46:00,4,0,553,0,2,2,765.498528931011,24.52,46.93333333333334,5.906666666666666,0.0,0.0
2017-09-11 12:47:00,0,0,560,0,3,22,775.2098725073434,24.54,46.86666666666667,5.913333333333333,0.0,0.0
2017-09-11 12:48:00,0,0,928,0,2,6,769.8254331480755,24.56,46.8,5.92,0.0,0.0
2017-09-11 12:49:00,2,0,553,0,4,2,760.4449166394128,24.58,46.73333333333333,5.926666666666667,0.0,0.0
2017-09-11 12:50:00,1,0,799,0,0,19,725.572082379851,24.6,46.66666666666666,5.933333333333334,0.0,0.0
2017-09-11 12:51:00,3,0,493,0,0,2,678.5102974828269,24.62,46.6,5.94,0.0,0.0
2017-09-11 12:52:00,0,0,937,0,5,8,650.547891467789,24.64,46.53333333333333,5.946666666666666,0.0,0.0
2017-09-11 12:53:00,21,0,547,0,5,8,637.3736515200941,24.66,46.46666666666667,5.953333333333333,0.0,0.0
2017-09-11 12:54:00,0,0,855,0,3,5,635.82183720169,24.68,46.4,5.96,0.0,0.0
2017-09-11 12:55:00,21,0,524,0,0,1,644.468126838826,24.7,46.333333333333336,5.966666666666667,0.0,0.0
2017-09-11 12:56:00,16,0,370,0,0,1,666.5675057208138,24.72,46.266666666666666,5.973333333333334,0.0,0.0
2017-09-11 12:57:00,9,0,665,0,5,4,666.0800915331702,24.74,46.2,5.98,0.0,0.0
2017-09-11 12:58:00,3,0,504,0,0,0,657.470088264128,24.76,46.13333333333333,5.986666666666666,0.0,0.0
2017-09-11 12:59:00,0,0,653,0,2,0,677.4210526315683,24.78,46.06666666666667,5.993333333333333,0.0,0.0
2017-09-11 13:00:00,23,0,636,0,0,3,666.2075841778253,24.8,46.0,6.0,0.0,0.0
2017-09-11 13:01:00,0,0,968,0,4,2,683.7688787185247,24.811666666666667,45.96666666666667,6.015,0.0,0.0
2017-09-11 13:02:00,9,0,593,0,8,3,674.0147106897567,24.82333333333333,45.93333333333333,6.03,0.0,0.0
2017-09-11 13:03:00,1,0,788,0,2,2,701.2915985616103,24.835,45.9,6.045,0.0,0.0
2017-09-11 13:04:00,12,0,767,0,7,0,682.4785877737718,24.846666666666668,45.86666666666667,6.06,0.0,0.0
2017-09-11 13:05:00,12,0,600,0,2,1,692.5763321346744,24.85833333333333,45.833333333333336,6.075,0.0,0.0
2017-09-11 13:06:00,0,0,684,0,2,4,694.0241909120524,24.87,45.8,6.09,0.0,0.0
2017-09-11 13:07:00,4,0,582,0,5,1,665.7538411245403,24.881666666666668,45.766666666666666,6.105,0.0,0.0
2017-09-11 13:08:00,0,0,642,0,4,2,668.1461261850172,24.89333333333333,45.73333333333333,6.12,0.0,0.0
2017-09-11 13:09:00,15,0,598,0,1,7,615.5923504413114,24.905,45.7,6.135,0.0,0.0
2017-09-11 13:10:00,0,0,708,0,0,0,613.2497548218278,24.916666666666668,45.66666666666666,6.15,0.0,0.0
2017-09-11 13:11:00,13,0,537,0,3,6,592.1304347825997,24.92833333333333,45.63333333333333,6.165,0.0,0.0
2017-09-11 13:12:00,43,0,514,0,4,0,620.9610983981602,24.94,45.6,6.18,0.0,0.0
2017-09-11 13:13:00,21,0,426,1,7,5,626.0202680614486,24.951666666666668,45.56666666666667,6.195,0.0,0.0
2017-09-11 13:14:00,3,0,761,0,0,1,653.3027133049918,24.96333333333333,45.53333333333333,6.21,0.0,0.0
2017-09-11 13:15:00,1,0,720,0,8,0,679.7309578293458,24.975,45.5,6.225,0.0,0.0
2017-09-11 13:16:00,44,0,506,0,4,3,685.6479241582115,24.986666666666668,45.46666666666667,6.24,0.0,0.0
2017-09-11 13:17:00,32,0,682,0,0,2,716.1389342922419,24.99833333333333,45.43333333333333,6.255,0.0,0.0
2017-09-11 13:18:00,19,0,484,0,7,0,721.2491010133923,25.01,45.4,6.2700000000000005,0.0,0.0
2017-09-11 13:19:00,0,0,1135,0,1,3,736.0516508662851,25.02166666666667,45.36666666666667,6.285,0.0,0.0
2017-09-11 13:20:00,11,0,638,0,2,0,743.2647924158108,25.03333333333333,45.333333333333336,6.3,0.0,0.0
2017-09-11 13:21:00,0,0,959,0,2,0,752.6021575678212,25.045,45.3,6.315,0.0,0.0
2017-09-11 13:22:00,24,0,675,0,4,8,748.4004576658928,25.05666666666667,45.266666666666666,6.33,0.0,0.0
2017-09-11 13:23:00,5,0,742,0,0,0,748.0058842758957,25.06833333333333,45.23333333333333,6.345,0.0,0.0
2017-09-11 13:24:00,0,0,624,0,2,0,731.7701863353917,25.08,45.2,6.36,0.0,0.0
2017-09-11 13:25:00,0,0,656,0,6,0,727.6518470088145,25.09166666666667,45.16666666666666,6.375,0.0,0.0
2017-09-11 13:26:00,1,0,809,0,0,0,715.4419745014595,25.10333333333333,45.13333333333333,6.390000000000001,0.0,0.0
2017-09-11 13:27:00,10,0,508,0,1,4,668.0728996403949,25.115,45.1,6.405,0.0,0.0
2017-09-11 13:28:00,0,0,725,0,0,5,653.6024844720392,25.12666666666667,45.06666666666667,6.42,0.0,0.0
2017-09-11 13:29:00,12,0,600,0,1,4,612.2043151356551,25.138333333333332,45.03333333333333,6.4350000000000005,0.0,0.0
2017-09-11 13:30:00,0,0,645,0,1,0,631.5083360575255,25.15,45.0,6.45,0.0,0.0
2017-09-11 13:31:00,1,0,678,0,2,4,621.8715266426839,25.161666666666665,44.96666666666667,6.465,0.0,0.0
2017-09-11 13:32:00,5,0,697,0,0,0,631.7512258908048,25.17333333333333,44.93333333333333,6.48,0.0,0.0
2017-09-11 13:33:00,4,0,553,0,5,1,654.9352729650113,25.185,44.9,6.495,0.0,0.0
2017-09-11 13:34:00,5,0,503,0,17,0,671.1696632886462,25.196666666666665,44.86666666666667,6.51,0.0,0.0
2017-09-11 13:35:00,0,0,542,0,10,1,694.6776724419632,25.20833333333333,44.833333333333336,6.525,0.0,0.0
2017-09-11 13:36:00,7,0,596,0,5,1,695.2674076495476,25.22,44.8,6.54,0.0,0.0
2017-09-11 13:37:00,0,0,941,0,6,2,718.8761033017215,25.231666666666666,44.766666666666666,6.555000000000001,0.0,0.0
2017-09-11 13:38:00,0,0,683,0,1,2,707.7616868257489,25.24333333333333,44.73333333333333,6.57,0.0,0.0
2017-09-11 13:39:00,2,0,837,0,3,0,713.5576985943006,25.255,44.7,6.585,0.0,0.0
2017-09-11 13:40:00,0,0,727,0,1,0,713.0392285060365,25.266666666666666,44.66666666666666,6.6000000000000005,0.0,0.0
2017-09-11 13:41:00,1,0,754,0,0,0,694.4759725400351,25.27833333333333,44.63333333333333,6.615,0.0,0.0
2017-09-11 13:42:00,6,0,906,0,2,0,697.3854200719085,25.29,44.6,6.63,0.0,0.0
2017-09-11 13:43:00,5,0,562,0,1,3,700.3059823471618,25.301666666666662,44.56666666666667,6.6450000000000005,0.0,0.0
2017-09-11 13:44:00,6,0,684,0,5,1,692.8391631251936,25.313333333333333,44.53333333333333,6.66,0.0,0.0
2017-09-11 13:45:00,2,0,400,0,11,2,664.2232755802448,25.325,44.5,6.675000000000001,0.0,0.0
2017-09-11 13:46:00,0,0,690,1,2,0,647.8666230794275,25.336666666666662,44.46666666666667,6.69,0.0,0.0
2017-09-11 13:47:00,0,0,520,0,1,0,635.2582543314703,25.348333333333333,44.43333333333333,6.705,0.0,0.0
2017-09-11 13:48:00,11,0,667,0,3,1,652.8646616541247,25.36,44.4,6.720000000000001,0.0,0.0
2017-09-11 13:49:00,4,0,617,0,1,8,637.442955214112,25.371666666666663,44.36666666666667,6.735,0.0,0.0
2017-09-11 13:50:00,2,0,574,0,1,1,636.1657404380419,25.383333333333333,44.333333333333336,6.75,0.0,0.0
2017-09-11 13:51:00,0,0,861,0,1,4,646.375939849614,25.395,44.3,6.765000000000001,0.0,0.0
2017-09-11 13:52:00,1,0,640,1,2,1,697.1644328211715,25.406666666666663,44.266666666666666,6.78,0.0,0.0
2017-09-11 13:53:00,8,0,653,0,2,0,731.5694671461138,25.418333333333333,44.23333333333333,6.795,0.0,0.0
2017-09-11 13:54:00,8,0,619,0,6,6,714.7551487414069,25.43,44.2,6.8100000000000005,0.0,0.0
2017-09-11 13:55:00,0,0,860,0,5,1,701.9055246812574,25.441666666666663,44.16666666666666,6.825,0.0,0.0
2017-09-11 13:56:00,0,0,694,0,3,1,670.3949002942027,25.453333333333333,44.13333333333333,6.84,0.0,0.0
2017-09-11 13:57:00,1,0,629,0,3,0,663.8074534161384,25.465,44.1,6.855,0.0,0.0
2017-09-11 13:58:00,26,0,501,0,12,7,642.9212160836764,25.476666666666667,44.06666666666667,6.87,0.0,0.0
2017-09-11 13:59:00,9,0,778,0,9,0,616.4821837201597,25.488333333333333,44.03333333333333,6.885000000000001,0.0,0.0
2017-09-11 14:00:00,0,0,857,0,7,0,576.0640732265352,25.5,44.0,6.9,0.0,0.0
2017-09-11 14:01:00,0,0,671,0,7,2,547.2893102320928,25.495,43.98333333333333,6.933333333333334,0.0,0.0
2017-09-11 14:02:00,0,0,23,0,0,0,538.728669499828,25.49,43.96666666666667,6.966666666666667,0.0,0.0
2017-09-11 14:08:00,0,0,249,0,5,0,527.0313828048297,25.46,43.86666666666667,7.166666666666667,0.0,0.0
2017-09-11 14:09:00,8,0,563,0,2,3,520.0153644981935,25.455,43.85,7.2,0.0,0.0
2017-09-11 14:10:00,12,0,639,0,2,0,512.3765936580496,25.45,43.833333333333336,7.233333333333333,0.0,0.0
2017-09-11 14:11:00,0,0,599,0,7,0,537.815952925784,25.445,43.81666666666667,7.266666666666667,0.0,0.0
2017-09-11 14:12:00,0,0,466,0,2,1,553.8077803203571,25.44,43.8,7.300000000000001,0.0,0.0
2017-09-11 14:13:00,0,0,404,0,3,0,553.4164759725313,25.435,43.78333333333333,7.333333333333334,0.0,0.0
2017-09-11 14:14:00,8,0,573,0,3,5,547.8976789800499,25.43,43.766666666666666,7.366666666666667,0.0,0.0
2017-09-11 14:15:00,0,0,776,0,15,3,579.9568486433385,25.425,43.75,7.4,0.0,0.0
2017-09-11 14:16:00,0,0,609,1,2,13,617.0434782608608,25.42,43.73333333333333,7.433333333333334,0.0,0.0
2017-09-11 14:17:00,0,0,705,0,6,2,663.8211833932564,25.415,43.71666666666667,7.466666666666667,0.0,0.0
2017-09-11 14:18:00,0,0,636,0,0,1,644.583850931667,25.41,43.7,7.5,0.0,0.0
2017-09-11 14:19:00,1,0,611,0,6,7,610.1006864988459,25.405,43.68333333333333,7.533333333333333,0.0,0.0
2017-09-11 14:20:00,0,0,638,0,1,7,599.0480549198987,25.4,43.66666666666666,7.566666666666667,0.0,0.0
2017-09-11 14:21:00,3,0,457,0,5,2,585.2314481856725,25.395,43.65,7.6,0.0,0.0
2017-09-11 14:22:00,0,0,464,0,0,0,588.2275253350676,25.39,43.63333333333333,7.633333333333334,0.0,0.0
2017-09-11 14:23:00,1,0,596,0,36,27,564.3102321019854,25.385,43.61666666666667,7.666666666666667,0.0,0.0
2017-09-11 14:24:00,0,0,650,0,6,42,554.6665576985847,25.38,43.6,7.7,0.0,0.0
2017-09-11 14:25:00,1,0,476,0,0,0,533.1278195488628,25.375,43.583333333333336,7.733333333333333,0.0,0.0
2017-09-11 14:26:00,0,0,578,2,1,0,535.6286368094055,25.37,43.56666666666667,7.7666666666666675,0.0,0.0
2017-09-11 14:27:00,2,0,308,0,0,7,528.1402419091113,25.365,43.55,7.800000000000001,0.0,0.0
2017-09-11 14:28:00,2,0,382,0,5,1,513.734880679952,25.36,43.53333333333333,7.833333333333334,0.0,0.0
2017-09-11 14:29:00,0,0,605,0,0,3,506.50474011113914,25.355,43.516666666666666,7.866666666666667,0.0,0.0
2017-09-11 14:30:00,0,0,531,0,5,0,507.9905197776968,25.35,43.5,7.9,0.0,0.0
2017-09-11 14:31:00,0,0,690,0,1,2,517.0647270349701,25.345,43.48333333333333,7.933333333333334,0.0,0.0
2017-09-11 14:32:00,0,0,417,1,12,11,501.0977443608938,25.34,43.46666666666667,7.966666666666667,0.0,0.0
2017-09-11 14:33:00,0,0,650,1,0,1,475.1585485452681,25.335,43.45,8.0,0.0,0.0
2017-09-11 14:34:00,0,0,275,0,3,4,461.72016999018575,25.33,43.43333333333333,8.033333333333333,0.0,0.0
2017-09-11 14:35:00,1,0,512,1,1,1,477.71624713958084,25.325,43.41666666666666,8.066666666666666,0.0,0.0
2017-09-11 14:36:00,1,0,401,0,2,0,485.18372016998245,25.32,43.4,8.1,0.0,0.0
2017-09-11 14:37:00,1,0,375,0,1,0,484.11212814644574,25.315,43.38333333333333,8.133333333333333,0.0,0.0
2017-09-11 14:38:00,3,0,601,0,0,0,469.0026152337291,25.31,43.36666666666667,8.166666666666668,0.0,0.0
2017-09-11 14:39:00,3,0,510,0,1,0,450.68551814317686,25.305,43.35,8.200000000000001,0.0,0.0
2017-09-11 14:40:00,0,0,398,0,3,4,463.3762667538334,25.3,43.333333333333336,8.233333333333334,0.0,0.0
2017-09-11 14:41:00,2,0,302,0,0,4,468.2236024844641,25.295,43.31666666666667,8.266666666666667,0.0,0.0
2017-09-11 14:42:00,0,0,437,0,2,6,484.4550506701456,25.29,43.3,8.3,0.0,0.0
2017-09-11 14:43:00,9,0,560,0,2,1,471.7652827721401,25.285,43.28333333333333,8.333333333333334,0.0,0.0
2017-09-11 14:44:00,2,0,682,0,4,0,490.3798627002211,25.28,43.266666666666666,8.366666666666667,0.0,0.0
2017-09-11 14:45:00,0,0,430,0,0,6,473.26315789472926,25.275,43.25,8.4,0.0,0.0
2017-09-11 14:46:00,2,0,323,0,3,1,458.0395554102579,25.27,43.23333333333333,8.433333333333334,0.0,0.0
2017-09-11 14:47:00,2,0,537,1,7,7,454.35828702189565,25.265,43.21666666666667,8.466666666666667,0.0,0.0
2017-09-11 14:48:00,6,0,478,0,2,1,440.29355998691693,25.26,43.2,8.5,0.0,0.0
2017-09-11 14:49:00,3,0,554,0,0,0,433.8149722131354,25.255,43.18333333333333,8.533333333333333,0.0,0.0
2017-09-11 14:50:00,0,0,323,0,0,4,436.50081726053656,25.25,43.16666666666666,8.566666666666666,0.0,0.0
2017-09-11 14:51:00,0,0,327,0,5,1,426.91369728668934,25.245,43.15,8.6,0.0,0.0
2017-09-11 14:52:00,5,0,317,1,7,6,424.83850931676426,25.24,43.13333333333333,8.633333333333333,0.0,0.0
2017-09-11 14:53:00,9,0,506,0,4,0,440.2755802549784,25.235,43.11666666666667,8.666666666666668,0.0,0.0
2017-09-11 14:54:00,0,0,323,0,1,1,453.41222621771135,25.23,43.1,8.700000000000001,0.0,0.0
2017-09-11 14:55:00,0,0,420,0,1,1,477.7741091860018,25.225,43.083333333333336,8.733333333333334,0.0,0.0
2017-09-11 14:56:00,0,0,637,0,7,1,494.1869892121538,25.22,43.06666666666667,8.766666666666667,0.0,0.0
2017-09-11 14:57:00,0,0,409,1,0,0,496.38280483817516,25.215,43.05,8.8,0.0,0.0
2017-09-11 14:58:00,0,0,487,0,1,3,530.7218045112703,25.21,43.03333333333333,8.833333333333334,0.0,0.0
2017-09-11 14:59:00,2,0,680,1,0,4,546.4939522719765,25.205,43.016666666666666,8.866666666666667,0.0,0.0
2017-09-11 15:00:00,0,0,594,4,0,0,573.3056554429473,25.2,43.0,8.9,0.0,0.0
2017-09-11 15:01:00,0,0,741,0,5,1,576.6933638443855,25.19,43.06666666666667,8.870000000000001,0.0,0.0
2017-09-11 15:02:00,0,0,557,0,8,1,567.7796665576907,25.18,43.13333333333333,8.84,0.0,0.0
2017-09-11 15:03:00,0,0,388,0,8,2,571.728342595611,25.17,43.2,8.81,0.0,0.0
2017-09-11 15:04:00,1,0,546,1,3,1,584.8489702517077,25.16,43.266666666666666,8.780000000000001,0.0,0.0
2017-09-11 15:05:00,1,0,610,4,5,0,583.6881333769112,25.15,43.333333333333336,8.75,0.0,0.0
2017-09-11 15:06:00,0,0,549,0,5,0,538.3448839489948,25.14,43.4,8.72,0.0,0.0
2017-09-11 15:07:00,0,0,629,2,1,0,557.0686498855752,25.13,43.46666666666667,8.69,0.0,0.0
2017-09-11 15:08:00,0,0,379,0,0,2,550.2137953579511,25.12,43.53333333333333,8.66,0.0,0.0
2017-09-11 15:09:00,1,0,559,0,0,0,534.9087937234302,25.11,43.6,8.63,0.0,0.0
2017-09-11 15:10:00,0,0,491,1,2,1,547.6096763648159,25.1,43.66666666666666,8.6,0.0,0.0
2017-09-11 15:11:00,0,0,558,0,10,1,545.3850931676925,25.09,43.73333333333333,8.57,0.0,0.0
2017-09-11 15:12:00,0,0,709,0,5,1,546.1892775416715,25.08,43.8,8.540000000000001,0.0,0.0
2017-09-11 15:13:00,0,0,477,0,0,0,533.0653808434045,25.07,43.86666666666667,8.51,0.0,0.0
2017-09-11 15:14:00,0,0,441,0,2,0,512.4566851912308,25.06,43.93333333333333,8.48,0.0,0.0
2017-09-11 15:15:00,0,0,315,0,0,1,505.8649885583443,25.05,44.0,8.45,0.0,0.0
2017-09-11 15:16:00,0,0,993,0,2,2,506.1742399476875,25.04,44.06666666666667,8.42,0.0,0.0
2017-09-11 15:17:00,0,0,386,0,2,1,503.2353710362786,25.03,44.13333333333333,8.39,0.0,0.0
2017-09-11 15:18:00,0,0,420,0,4,0,514.2540045766509,25.02,44.2,8.36,0.0,0.0
2017-09-11 15:19:00,0,0,538,0,1,0,505.06080418436574,25.01,44.266666666666666,8.33,0.0,0.0
2017-09-11 15:20:00,0,0,303,0,2,0,504.2925792742642,25.0,44.333333333333336,8.3,0.0,0.0
2017-09-11 15:21:00,0,0,376,1,1,0,497.32069303693174,24.99,44.4,8.27,0.0,0.0
2017-09-11 15:22:00,0,0,513,0,4,0,500.1160509970491,24.98,44.46666666666667,8.24,0.0,0.0
2017-09-11 15:23:00,0,0,617,0,0,0,506.10493625366917,24.97,44.53333333333333,8.21,0.0,0.0
2017-09-11 15:24:00,0,0,570,0,0,0,486.28506047727217,24.96,44.6,8.18,0.0,0.0
2017-09-11 15:25:00,0,0,515,0,1,0,466.8283752860335,24.95,44.66666666666666,8.15,0.0,0.0
2017-09-11 15:26:00,0,0,511,0,3,0,433.65086629616775,24.94,44.73333333333333,8.12,0.0,0.0
2017-09-11 15:27:00,0,0,518,0,5,1,456.01601830662963,24.93,44.8,8.09,0.0,0.0
2017-09-11 15:28:00,0,0,422,0,4,0,453.4998365478848,24.92,44.86666666666667,8.06,0.0,0.0
2017-09-11 15:29:00,3,0,404,0,1,0,461.11441647596536,24.91,44.93333333333333,8.03,0.0,0.0
2017-09-11 15:30:00,0,0,403,1,1,0,472.00751879698504,24.9,45.0,8.0,0.0,0.0
2017-09-11 15:31:00,1,0,375,1,4,6,454.4033998038498,24.89,45.06666666666666,7.97,0.0,0.0
2017-09-11 15:32:00,0,0,261,2,0,0,433.60869565216655,24.88,45.13333333333333,7.939999999999999,0.0,0.0
2017-09-11 15:33:00,1,0,356,0,1,2,422.4893756129381,24.87,45.2,7.91,0.0,0.0
2017-09-11 15:34:00,1,0,521,0,4,0,422.43772474664223,24.86,45.266666666666666,7.88,0.0,0.0
2017-09-11 15:35:00,0,0,503,0,1,2,423.75416802876083,24.85,45.333333333333336,7.85,0.0,0.0
2017-09-11 15:36:00,0,0,545,0,5,1,428.3507682249033,24.84,45.4,7.82,0.0,0.0
2017-09-11 15:37:00,0,0,585,0,11,1,423.22098725072937,24.83,45.46666666666667,7.79,0.0,0.0
2017-09-11 15:38:00,0,0,469,0,2,0,434.3180778031976,24.82,45.53333333333333,7.76,0.0,0.0
2017-09-11 15:39:00,0,0,282,0,13,6,433.2000653808377,24.81,45.6,7.729999999999999,0.0,0.0
2017-09-11 15:40:00,0,0,283,1,21,2,446.350441320687,24.8,45.66666666666666,7.699999999999999,0.0,0.0
2017-09-11 15:41:00,0,0,402,0,3,1,459.0245178162736,24.79,45.73333333333333,7.67,0.0,0.0
2017-09-11 15:42:00,1,0,449,0,9,0,462.52337365151396,24.78,45.8,7.64,0.0,0.0
2017-09-11 15:43:00,1,0,456,1,2,1,463.8600849950899,24.77,45.86666666666667,7.609999999999999,0.0,0.0
2017-09-11 15:44:00,0,0,464,0,1,0,467.6077149395157,24.76,45.93333333333333,7.58,0.0,0.0
2017-09-11 15:45:00,0,0,475,0,2,1,488.56848643346757,24.75,46.0,7.55,0.0,0.0
2017-09-11 15:46:00,0,0,426,0,3,1,498.8244524354289,24.74,46.06666666666666,7.52,0.0,0.0
2017-09-11 15:47:00,1,0,634,0,6,0,512.5760052304599,24.73,46.13333333333333,7.49,0.0,0.0
2017-09-11 15:48:00,0,0,524,0,4,0,538.652500817253,24.72,46.2,7.46,0.0,0.0
2017-09-11 15:49:00,0,0,678,0,8,0,566.156260215749,24.71,46.266666666666666,7.43,0.0,0.0
2017-09-11 15:50:00,0,0,519,0,1,1,570.7237659365722,24.700000000000003,46.333333333333336,7.399999999999999,0.0,0.0
2017-09-11 15:51:00,0,0,512,1,10,2,569.7920889179384,24.69,46.4,7.369999999999999,0.0,0.0
2017-09-11 15:52:00,0,0,646,0,8,0,568.8944099378792,24.68,46.46666666666667,7.34,0.0,0.0
2017-09-11 15:53:00,4,0,521,0,13,1,558.4272638116943,24.67,46.53333333333333,7.31,0.0,0.0
2017-09-11 15:54:00,4,0,525,1,2,4,553.8342595619396,24.66,46.6,7.279999999999999,0.0,0.0
2017-09-11 15:55:00,0,0,426,0,1,0,529.2719843085894,24.65,46.66666666666666,7.25,0.0,0.0
2017-09-11 15:56:00,4,0,548,0,4,2,516.416802876749,24.64,46.73333333333333,7.22,0.0,0.0
2017-09-11 15:57:00,0,0,603,1,1,0,509.4995096436659,24.630000000000003,46.8,7.19,0.0,0.0
2017-09-11 15:58:00,3,0,544,0,2,0,500.6551160509888,24.62,46.86666666666667,7.16,0.0,0.0
2017-09-11 15:59:00,0,0,407,0,0,0,491.6426936907404,24.610000000000003,46.93333333333333,7.13,0.0,0.0
2017-09-11 16:00:00,2,0,465,0,0,2,496.4161490683148,24.6,47.0,7.1,0.0,0.0
2017-09-11 16:01:00,1,0,420,1,4,1,501.262504086294,24.58666666666667,47.05,7.0616666666666665,0.0,0.0
2017-09-11 16:02:00,4,0,403,0,0,0,499.10755148740515,24.57333333333333,47.1,7.023333333333333,0.0,0.0
2017-09-11 16:03:00,2,0,527,0,3,1,494.96011768550926,24.56,47.15,6.984999999999999,0.0,0.0
2017-09-11 16:04:00,1,0,389,0,16,0,471.981039555402,24.546666666666667,47.2,6.946666666666666,0.0,0.0
2017-09-11 16:05:00,3,0,652,0,13,3,447.9875776397441,24.53333333333333,47.25,6.908333333333333,0.0,0.0
2017-09-11 16:06:00,10,0,527,0,0,0,425.6541353383388,24.520000000000003,47.3,6.869999999999999,0.0,0.0
2017-09-11 16:07:00,1,0,329,0,0,0,407.47401111473687,24.506666666666668,47.35,6.831666666666666,0.0,0.0
2017-09-11 16:08:00,0,0,516,0,10,5,398.76757110166136,24.493333333333336,47.4,6.793333333333333,0.0,0.0
2017-09-11 16:09:00,0,0,432,0,5,0,402.7322654462185,24.48,47.45,6.755,0.0,0.0
2017-09-11 16:10:00,0,0,409,0,0,0,401.8692383131683,24.46666666666667,47.5,6.716666666666667,0.0,0.0
2017-09-11 16:11:00,3,0,190,0,8,0,413.3416149068259,24.453333333333333,47.55,6.678333333333333,0.0,0.0
2017-09-11 16:12:00,1,0,179,0,2,0,412.687806472697,24.44,47.6,6.64,0.0,0.0
2017-09-11 16:13:00,0,0,269,1,16,0,411.8247793396467,24.42666666666667,47.65,6.601666666666667,0.0,0.0
2017-09-11 16:14:00,1,0,433,0,24,4,415.10199411571745,24.41333333333333,47.7,6.563333333333333,0.0,0.0
2017-09-11 16:15:00,0,0,532,0,10,0,421.31121281463817,24.4,47.75,6.525,0.0,0.0
2017-09-11 16:16:00,0,0,444,0,6,0,432.75253350767565,24.386666666666667,47.8,6.486666666666666,0.0,0.0
2017-09-11 16:17:00,6,0,568,0,2,0,439.4906832298075,24.37333333333333,47.85,6.448333333333333,0.0,0.0
2017-09-11 16:18:00,1,0,625,0,1,1,447.58646616540705,24.36,47.9,6.41,0.0,0.0
2017-09-11 16:19:00,3,0,510,0,3,0,467.87773782281147,24.346666666666668,47.95,6.371666666666666,0.0,0.0
2017-09-11 16:20:00,0,0,475,0,0,2,485.7319385420006,24.333333333333336,48.0,6.333333333333333,0.0,0.0
2017-09-11 16:21:00,0,0,345,0,0,0,498.82216410591036,24.32,48.05,6.295,0.0,0.0
2017-09-11 16:22:00,0,0,444,0,3,0,486.7293233082642,24.30666666666667,48.1,6.256666666666666,0.0,0.0
2017-09-11 16:23:00,0,0,406,0,1,0,484.9081399149978,24.293333333333333,48.15,6.218333333333333,0.0,0.0
2017-09-11 16:24:00,3,0,480,0,5,0,475.783916312513,24.28,48.2,6.18,0.0,0.0
2017-09-11 16:25:00,0,0,306,0,5,1,477.00392285059695,24.26666666666667,48.25,6.141666666666667,0.0,0.0
2017-09-11 16:26:00,2,0,536,0,9,0,483.325269695971,24.25333333333333,48.3,6.1033333333333335,0.0,0.0
2017-09-11 16:27:00,0,0,626,0,3,1,471.3844393592598,24.24,48.35,6.065,0.0,0.0
2017-09-11 16:28:00,0,0,446,0,3,1,467.0748610657002,24.226666666666667,48.4,6.026666666666666,0.0,0.0
2017-09-11 16:29:00,2,0,481,0,7,0,459.7139588100621,24.21333333333333,48.45,5.988333333333333,0.0,0.0
2017-09-11 16:30:00,4,0,462,0,0,0,468.16377901274274,24.200000000000003,48.5,5.949999999999999,0.0,0.0
2017-09-11 16:31:00,1,0,513,1,1,0,492.6109839816861,24.186666666666667,48.55,5.911666666666666,0.0,0.0
2017-09-11 16:32:00,0,0,646,1,1,0,492.3118666230719,24.173333333333336,48.6,5.873333333333333,0.0,0.0
2017-09-11 16:33:00,0,0,375,0,0,3,492.4632232755727,24.16,48.65,5.835,0.0,0.0
2017-09-11 16:34:00,0,0,423,4,5,0,488.60804184373205,24.14666666666667,48.7,5.796666666666667,0.0,0.0
2017-09-11 16:35:00,0,0,367,2,1,5,488.34586466164643,24.133333333333333,48.75,5.758333333333333,0.0,0.0
2017-09-11 16:36:00,0,0,332,1,2,0,481.15822164105083,24.12,48.8,5.72,0.0,0.0
2017-09-11 16:37:00,0,0,472,0,0,0,472.9944426283018,24.10666666666667,48.85,5.681666666666667,0.0,0.0
2017-09-11 16:38:00,0,0,522,0,2,0,470.2507355344806,24.093333333333334,48.9,5.643333333333333,0.0,0.0
2017-09-11 16:39:00,0,0,755,0,5,0,462.71788166066574,24.08,48.95,5.605,0.0,0.0
2017-09-11 16:40:00,1,0,553,0,9,0,444.28081072245124,24.066666666666663,49.0,5.566666666666666,0.0,0.0
2017-09-11 16:41:00,1,0,283,0,3,1,422.5658711997321,24.05333333333333,49.05,5.528333333333333,0.0,0.0
2017-09-11 16:42:00,0,0,401,0,6,3,408.12422360247876,24.04,49.1,5.49,0.0,0.0
2017-09-11 16:43:00,1,0,439,0,9,0,423.5629290617796,24.026666666666667,49.15,5.451666666666666,0.0,0.0
2017-09-11 16:44:00,0,0,412,1,12,0,433.52402745994846,24.013333333333332,49.2,5.413333333333333,0.0,0.0
2017-09-11 16:45:00,0,0,418,1,0,1,439.55017979731355,24.0,49.25,5.375,0.0,0.0
2017-09-11 16:46:00,0,0,227,0,12,0,451.64530892447874,23.986666666666668,49.3,5.336666666666666,0.0,0.0
2017-09-11 16:47:00,0,0,385,0,14,1,448.39261196468783,23.973333333333333,49.35,5.298333333333333,0.0,0.0
2017-09-11 16:48:00,0,0,443,0,10,0,467.84014383784825,23.96,49.4,5.26,0.0,0.0
2017-09-11 16:49:00,0,0,349,1,8,0,483.42236024843953,23.94666666666667,49.45,5.221666666666667,0.0,0.0
2017-09-11 16:50:00,0,0,564,0,0,0,525.3023864007768,23.933333333333334,49.5,5.183333333333334,0.0,0.0
2017-09-11 16:51:00,3,0,649,0,18,7,553.9519450800835,23.92,49.55,5.145,0.0,0.0
2017-09-11 16:52:00,0,0,753,0,9,1,559.9225237005476,23.906666666666663,49.6,5.1066666666666665,0.0,0.0
2017-09-11 16:53:00,0,0,642,0,4,0,563.1726054266019,23.89333333333333,49.65,5.068333333333333,0.0,0.0
2017-09-11 16:54:00,0,0,522,0,0,0,567.22294867603,23.880000000000003,49.7,5.029999999999999,0.0,0.0
2017-09-11 16:55:00,0,0,635,0,8,0,580.1634521085241,23.866666666666667,49.75,4.991666666666666,0.0,0.0
2017-09-11 16:56:00,0,0,487,0,14,0,584.620791108197,23.85333333333333,49.8,4.953333333333333,0.0,0.0
2017-09-11 16:57:00,0,0,633,3,4,0,571.1304347825999,23.84,49.85,4.915,0.0,0.0
2017-09-11 16:58:00,4,0,421,0,2,0,561.56358287021,23.826666666666668,49.9,4.876666666666667,0.0,0.0
2017-09-11 16:59:00,0,0,503,0,5,0,542.8000237748527,23.813333333333333,49.95,4.838333333333333,0.0,0.0
2017-09-11 17:00:00,1,0,426,2,0,0,523.1661020139284,23.8,50.0,4.8,0.0,0.0
2017-09-11 17:01:00,1,0,466,0,7,0,503.7806373641616,23.74,50.266666666666666,4.835,0.0,0.0
2017-09-11 17:02:00,0,0,474,0,0,0,485.76244960226677,23.68,50.53333333333333,4.87,0.0,0.0
2017-09-11 17:03:00,3,0,571,0,0,4,470.2303585049581,23.62,50.8,4.905,0.0,0.0
2017-09-11 17:04:00,0,0,614,0,0,0,458.30318384895025,23.56,51.06666666666667,4.94,0.0,0.0
2017-09-11 17:05:00,0,0,404,0,35,1,451.09974541095784,23.5,51.333333333333336,4.975,0.0,0.0
2017-09-11 17:06:00,1,0,439,0,44,1,449.73886296769524,23.44,51.6,5.01,0.0,0.0
2017-09-11 17:07:00,0,0,432,0,4,0,455.3393562958771,23.38,51.86666666666667,5.045,0.0,0.0
2017-09-11 17:08:00,1,0,382,0,11,1,469.0200451722178,23.32,52.13333333333333,5.08,0.0,0.0
