timestamp,person,bicycle,car,motorcycle,bus,truck,total_vehicles,temp,humidity,wind_speed,rain
2017-09-10 18:08:00,0,0,227,0,10,0,237,18.846666666666668,66.13333333333334,7.386666666666667,0.0
2017-09-10 18:09:00,1,0,477,0,59,1,538,18.815,66.15,7.41,0.0
2017-09-10 18:10:00,0,0,893,0,38,0,931,18.783333333333335,66.16666666666667,7.433333333333334,0.0
2017-09-10 18:11:00,0,0,542,0,28,1,571,18.75166666666667,66.18333333333334,7.456666666666667,0.0
2017-09-10 18:12:00,0,0,892,0,14,0,906,18.720000000000002,66.2,7.48,0.0
2017-09-10 18:13:00,2,0,321,0,6,1,330,18.688333333333333,66.21666666666667,7.503333333333334,0.0
2017-09-10 18:14:00,0,0,452,0,4,0,456,18.656666666666666,66.23333333333333,7.526666666666666,0.0
2017-09-10 18:15:00,1,0,299,0,6,0,306,18.625,66.25,7.55,0.0
2017-09-10 18:16:00,0,0,624,0,0,1,625,18.593333333333334,66.26666666666667,7.573333333333333,0.0
2017-09-10 18:17:00,1,0,426,0,12,1,440,18.561666666666667,66.28333333333333,7.596666666666667,0.0
2017-09-10 18:18:00,0,0,577,0,1,0,578,18.53,66.3,7.62,0.0
2017-09-10 18:19:00,5,0,539,0,3,0,547,18.498333333333335,66.31666666666666,7.6433333333333335,0.0
2017-09-10 18:20:00,0,0,537,0,1,3,541,18.46666666666667,66.33333333333333,7.666666666666667,0.0
2017-09-10 18:21:00,0,0,506,0,5,1,512,18.435000000000002,66.35,7.69,0.0
2017-09-10 18:22:00,2,0,483,0,7,0,492,18.403333333333332,66.36666666666666,7.713333333333333,0.0
2017-09-10 18:23:00,13,0,550,0,24,0,587,18.371666666666666,66.38333333333334,7.736666666666666,0.0
2017-09-10 18:24:00,0,0,546,0,2,1,549,18.34,66.4,7.76,0.0
2017-09-10 18:25:00,2,0,787,0,2,0,791,18.308333333333334,66.41666666666667,7.783333333333333,0.0
2017-09-10 18:26:00,0,0,518,0,13,4,535,18.276666666666667,66.43333333333334,7.806666666666667,0.0
2017-09-10 18:27:00,0,0,621,0,3,1,625,18.245,66.45,7.83,0.0
2017-09-10 18:28:00,0,0,503,0,6,2,511,18.213333333333335,66.46666666666667,7.8533333333333335,0.0
2017-09-10 18:29:00,0,0,861,0,7,0,868,18.18166666666667,66.48333333333333,7.876666666666667,0.0
2017-09-10 18:30:00,8,0,648,0,12,5,673,18.15,66.5,7.9,0.0
2017-09-10 18:31:00,1,0,332,0,8,3,344,18.118333333333332,66.51666666666667,7.923333333333333,0.0
2017-09-10 18:32:00,0,0,589,0,11,0,600,18.086666666666666,66.53333333333333,7.946666666666666,0.0
2017-09-10 18:33:00,4,0,414,0,5,0,423,18.055,66.55,7.97,0.0
2017-09-10 18:34:00,1,0,632,0,3,0,636,18.023333333333333,66.56666666666666,7.993333333333333,0.0
2017-09-10 18:35:00,3,0,453,0,12,2,470,17.991666666666667,66.58333333333333,8.016666666666666,0.0
2017-09-10 18:36:00,0,0,608,0,18,0,626,17.96,66.6,8.04,0.0
2017-09-10 18:37:00,0,0,468,0,7,1,476,17.928333333333335,66.61666666666666,8.063333333333333,0.0
2017-09-10 18:38:00,1,0,501,0,0,1,503,17.89666666666667,66.63333333333334,8.086666666666666,0.0
2017-09-10 18:39:00,0,0,361,0,2,1,364,17.865,66.65,8.11,0.0
2017-09-10 18:40:00,0,0,664,0,5,2,671,17.833333333333332,66.66666666666667,8.133333333333333,0.0
2017-09-10 18:41:00,0,0,569,0,0,0,569,17.801666666666666,66.68333333333334,8.156666666666666,0.0
2017-09-10 18:42:00,2,0,565,1,7,0,575,17.77,66.7,8.18,0.0
2017-09-10 18:43:00,0,0,235,0,0,1,236,17.738333333333333,66.71666666666667,8.203333333333333,0.0
2017-09-10 18:44:00,2,0,511,0,0,0,513,17.706666666666667,66.73333333333333,8.226666666666667,0.0
2017-09-10 18:45:00,0,0,614,0,1,0,615,17.675,66.75,8.25,0.0
2017-09-10 18:46:00,0,0,231,0,2,0,233,17.643333333333334,66.76666666666667,8.273333333333333,0.0
2017-09-10 18:47:00,0,0,479,0,3,2,484,17.611666666666665,66.78333333333333,8.296666666666667,0.0
2017-09-10 18:48:00,0,0,582,0,2,0,584,17.58,66.8,8.32,0.0
2017-09-10 18:49:00,0,0,425,0,1,3,429,17.548333333333332,66.81666666666666,8.343333333333334,0.0
2017-09-10 18:50:00,1,0,416,0,2,0,419,17.516666666666666,66.83333333333333,8.366666666666667,0.0
2017-09-10 18:51:00,0,0,450,0,0,0,450,17.485,66.85,8.39,0.0
2017-09-10 18:52:00,0,0,485,0,11,5,501,17.453333333333333,66.86666666666666,8.413333333333334,0.0
2017-09-10 18:53:00,0,0,391,0,3,0,394,17.421666666666667,66.88333333333334,8.436666666666666,0.0
2017-09-10 18:54:00,0,0,632,0,0,0,632,17.39,66.9,8.459999999999999,0.0
2017-09-10 18:55:00,0,0,528,0,2,2,532,17.358333333333334,66.91666666666667,8.483333333333333,0.0
2017-09-10 18:56:00,1,0,599,0,4,0,604,17.326666666666664,66.93333333333334,8.506666666666666,0.0
2017-09-10 18:57:00,0,0,720,0,0,1,721,17.294999999999998,66.95,8.53,0.0
2017-09-10 18:58:00,4,0,706,0,3,2,715,17.263333333333332,66.96666666666667,8.553333333333333,0.0
2017-09-10 18:59:00,0,0,465,0,0,0,465,17.231666666666666,66.98333333333333,8.576666666666666,0.0
2017-09-10 19:00:00,0,0,544,0,2,0,546,17.2,67.0,8.6,0.0
2017-09-10 19:01:00,0,0,788,0,3,0,791,17.181666666666665,67.01666666666667,8.586666666666666,0.0
2017-09-10 19:02:00,1,0,595,2,16,0,614,17.163333333333334,67.03333333333333,8.573333333333332,0.0
2017-09-10 19:03:00,0,0,1005,0,6,5,1016,17.145,67.05,8.56,0.0
2017-09-10 19:04:00,3,0,497,0,2,2,504,17.126666666666665,67.06666666666666,8.546666666666667,0.0
2017-09-10 19:05:00,0,0,680,0,0,2,682,17.108333333333334,67.08333333333333,8.533333333333333,0.0
2017-09-10 19:06:00,2,0,581,0,2,0,585,17.09,67.1,8.52,0.0
2017-09-10 19:07:00,0,0,627,0,6,0,633,17.071666666666665,67.11666666666666,8.506666666666666,0.0
2017-09-10 19:08:00,1,0,293,0,3,4,301,17.053333333333335,67.13333333333334,8.493333333333332,0.0
2017-09-10 19:09:00,1,0,516,0,0,0,517,17.035,67.15,8.48,0.0
2017-09-10 19:10:00,1,0,579,0,2,6,588,17.016666666666666,67.16666666666667,8.466666666666667,0.0
2017-09-10 19:11:00,1,0,702,0,0,0,703,16.99833333333333,67.18333333333334,8.453333333333333,0.0
2017-09-10 19:12:00,5,0,642,0,0,4,651,16.98,67.2,8.44,0.0
2017-09-10 19:13:00,3,0,592,0,1,1,597,16.961666666666666,67.21666666666667,8.426666666666666,0.0
2017-09-10 19:14:00,0,0,598,0,0,7,605,16.94333333333333,67.23333333333333,8.413333333333332,0.0
2017-09-10 19:15:00,0,0,543,0,3,0,546,16.925,67.25,8.4,0.0
2017-09-10 19:16:00,0,0,825,0,0,10,835,16.906666666666666,67.26666666666667,8.386666666666667,0.0
2017-09-10 19:17:00,1,0,591,0,0,0,592,16.888333333333332,67.28333333333333,8.373333333333333,0.0
2017-09-10 19:18:00,0,0,722,0,0,1,723,16.87,67.3,8.36,0.0
2017-09-10 19:19:00,0,0,662,0,0,2,664,16.851666666666667,67.31666666666666,8.346666666666666,0.0
2017-09-10 19:20:00,0,0,663,0,2,39,704,16.833333333333332,67.33333333333333,8.333333333333332,0.0
2017-09-10 19:21:00,1,0,551,0,0,13,565,16.815,67.35,8.32,0.0
2017-09-10 19:22:00,2,0,877,0,6,10,895,16.796666666666667,67.36666666666666,8.306666666666667,0.0
2017-09-10 19:23:00,3,0,700,0,1,1,705,16.778333333333332,67.38333333333334,8.293333333333333,0.0
2017-09-10 19:24:00,0,0,612,0,0,0,612,16.76,67.4,8.28,0.0
2017-09-10 19:25:00,2,0,690,0,7,1,700,16.741666666666667,67.41666666666667,8.266666666666666,0.0
2017-09-10 19:26:00,2,0,408,0,1,0,411,16.723333333333333,67.43333333333334,8.253333333333334,0.0
2017-09-10 19:27:00,0,0,565,0,0,0,565,16.705000000000002,67.45,8.24,0.0
2017-09-10 19:28:00,1,0,613,0,0,0,614,16.686666666666667,67.46666666666667,8.226666666666667,0.0
2017-09-10 19:29:00,16,0,1008,0,2,0,1026,16.668333333333333,67.48333333333333,8.213333333333333,0.0
2017-09-10 19:30:00,7,0,609,0,1,2,619,16.65,67.5,8.2,0.0
2017-09-10 19:31:00,0,0,693,0,0,1,694,16.631666666666668,67.51666666666667,8.186666666666666,0.0
2017-09-10 19:32:00,0,0,591,1,0,1,593,16.613333333333333,67.53333333333333,8.173333333333334,0.0
2017-09-10 19:33:00,3,0,598,0,0,13,614,16.595,67.55,8.16,0.0
2017-09-10 19:34:00,0,0,537,0,0,0,537,16.576666666666668,67.56666666666666,8.146666666666667,0.0
2017-09-10 19:35:00,9,0,288,0,0,0,297,16.558333333333334,67.58333333333333,8.133333333333333,0.0
2017-09-10 19:36:00,0,0,380,0,0,0,380,16.54,67.6,8.12,0.0
2017-09-10 19:37:00,3,0,437,0,0,1,441,16.52166666666667,67.61666666666666,8.106666666666666,0.0
2017-09-10 19:38:00,0,0,721,0,0,0,721,16.503333333333334,67.63333333333334,8.093333333333334,0.0
2017-09-10 19:39:00,1,0,390,0,3,2,396,16.485,67.65,8.08,0.0
2017-09-10 19:40:00,2,0,719,0,0,0,721,16.46666666666667,67.66666666666667,8.066666666666666,0.0
2017-09-10 19:41:00,4,0,610,0,0,0,614,16.448333333333334,67.68333333333334,8.053333333333333,0.0
2017-09-10 19:42:00,0,0,613,0,0,0,613,16.43,67.7,8.04,0.0
2017-09-10 19:43:00,4,0,459,0,0,0,463,16.41166666666667,67.71666666666667,8.026666666666667,0.0
2017-09-10 19:44:00,6,0,410,0,0,2,418,16.393333333333334,67.73333333333333,8.013333333333334,0.0
2017-09-10 19:45:00,7,0,409,0,0,9,425,16.375,67.75,8.0,0.0
2017-09-10 19:46:00,1,0,561,0,0,1,563,16.35666666666667,67.76666666666667,7.986666666666666,0.0
2017-09-10 19:47:00,11,0,352,0,0,2,365,16.338333333333335,67.78333333333333,7.973333333333333,0.0
2017-09-10 19:48:00,0,0,553,0,0,3,556,16.32,67.8,7.96,0.0
2017-09-10 19:49:00,6,0,273,0,0,0,279,16.30166666666667,67.81666666666666,7.946666666666666,0.0
2017-09-10 19:50:00,1,0,389,0,0,2,392,16.283333333333335,67.83333333333333,7.933333333333334,0.0
2017-09-10 19:51:00,16,0,365,0,0,5,386,16.265,67.85,7.92,0.0
2017-09-10 19:52:00,1,0,620,0,0,2,623,16.246666666666666,67.86666666666666,7.906666666666666,0.0
2017-09-10 19:53:00,0,0,535,0,2,1,538,16.228333333333335,67.88333333333334,7.893333333333333,0.0
2017-09-10 19:54:00,1,0,580,0,0,1,582,16.21,67.9,7.88,0.0
2017-09-10 19:55:00,2,0,742,0,1,6,751,16.191666666666666,67.91666666666667,7.866666666666666,0.0
2017-09-10 19:56:00,46,0,475,0,0,2,523,16.173333333333336,67.93333333333334,7.8533333333333335,0.0
2017-09-10 19:57:00,7,0,270,0,0,0,277,16.155,67.95,7.84,0.0
2017-09-10 19:58:00,0,0,430,0,0,2,432,16.136666666666667,67.96666666666667,7.826666666666666,0.0
2017-09-10 19:59:00,0,0,356,0,0,41,397,16.118333333333336,67.98333333333333,7.8133333333333335,0.0
2017-09-10 20:00:00,3,0,446,2,0,2,453,16.1,68.0,7.8,0.0
2017-09-10 20:01:00,6,0,484,0,0,1,491,16.07166666666667,68.18333333333334,7.78,0.0
2017-09-10 20:02:00,2,0,504,0,1,15,522,16.043333333333333,68.36666666666666,7.76,0.0
2017-09-10 20:03:00,5,0,191,0,1,3,200,16.015,68.55,7.74,0.0
2017-09-10 20:04:00,12,0,413,0,0,0,425,15.986666666666668,68.73333333333333,7.72,0.0
2017-09-10 20:05:00,4,0,355,1,0,1,361,15.958333333333334,68.91666666666667,7.7,0.0
2017-09-10 20:06:00,14,0,345,0,0,0,359,15.930000000000001,69.1,7.68,0.0
2017-09-10 20:07:00,28,0,402,0,0,0,430,15.901666666666667,69.28333333333333,7.66,0.0
2017-09-10 20:08:00,1,0,521,0,0,0,522,15.873333333333335,69.46666666666667,7.64,0.0
2017-09-10 20:09:00,19,0,334,0,1,4,358,15.845,69.65,7.62,0.0
2017-09-10 20:10:00,2,0,546,0,0,1,549,15.816666666666668,69.83333333333333,7.6,0.0
2017-09-10 20:11:00,5,0,650,0,0,0,655,15.788333333333334,70.01666666666667,7.58,0.0
2017-09-10 20:12:00,8,0,292,0,0,0,300,15.760000000000002,70.2,7.56,0.0
2017-09-10 20:13:00,18,0,192,0,0,0,210,15.731666666666667,70.38333333333334,7.54,0.0
2017-09-10 20:14:00,3,0,202,0,0,1,206,15.703333333333335,70.56666666666666,7.52,0.0
2017-09-10 20:15:00,9,0,254,0,0,0,263,15.675,70.75,7.5,0.0
2017-09-10 20:16:00,19,0,176,0,0,0,195,15.646666666666668,70.93333333333334,7.4799999999999995,0.0
2017-09-10 20:17:00,10,0,306,0,0,0,316,15.618333333333334,71.11666666666666,7.46,0.0
2017-09-10 20:18:00,4,0,373,0,0,0,377,15.590000000000002,71.3,7.4399999999999995,0.0
2017-09-10 20:19:00,16,0,228,0,1,0,245,15.561666666666667,71.48333333333333,7.42,0.0
2017-09-10 20:20:00,4,0,218,0,0,1,223,15.533333333333335,71.66666666666667,7.3999999999999995,0.0
2017-09-10 20:21:00,17,0,211,0,0,0,228,15.505,71.85,7.38,0.0
2017-09-10 20:22:00,9,0,159,0,0,0,168,15.476666666666668,72.03333333333333,7.359999999999999,0.0
2017-09-10 20:23:00,14,0,386,0,0,2,402,15.448333333333334,72.21666666666667,7.34,0.0
2017-09-10 20:24:00,1,0,373,0,0,1,375,15.420000000000002,72.4,7.319999999999999,0.0
2017-09-10 20:25:00,25,0,285,0,0,0,310,15.391666666666667,72.58333333333333,7.3,0.0
2017-09-10 20:26:00,4,0,391,0,2,0,397,15.363333333333335,72.76666666666667,7.279999999999999,0.0
2017-09-10 20:27:00,4,0,269,2,0,0,275,15.335,72.95,7.26,0.0
2017-09-10 20:28:00,0,0,331,0,0,1,332,15.306666666666668,73.13333333333333,7.24,0.0
2017-09-10 20:29:00,3,0,345,0,1,3,352,15.278333333333334,73.31666666666666,7.22,0.0
2017-09-10 20:30:00,5,0,396,0,0,2,403,15.25,73.5,7.199999999999999,0.0
2017-09-10 20:31:00,5,0,588,0,0,0,593,15.221666666666668,73.68333333333334,7.18,0.0
2017-09-10 20:32:00,11,0,340,0,0,0,351,15.193333333333333,73.86666666666666,7.16,0.0
2017-09-10 20:33:00,9,0,349,0,0,6,364,15.165000000000001,74.05,7.14,0.0
2017-09-10 20:34:00,8,0,357,0,0,0,365,15.136666666666667,74.23333333333333,7.119999999999999,0.0
2017-09-10 20:35:00,1,0,440,0,1,1,443,15.108333333333334,74.41666666666667,7.1,0.0
2017-09-10 20:36:00,5,0,460,1,0,1,467,15.08,74.6,7.08,0.0
2017-09-10 20:37:00,9,0,344,0,0,0,353,15.051666666666668,74.78333333333333,7.06,0.0
2017-09-10 20:38:00,0,0,366,0,1,3,370,15.023333333333333,74.96666666666667,7.04,0.0
2017-09-10 20:39:00,12,0,419,0,0,3,434,14.995000000000001,75.15,7.02,0.0
2017-09-10 20:40:00,8,0,336,0,0,0,344,14.966666666666667,75.33333333333333,7.0,0.0
2017-09-10 20:41:00,20,0,147,0,0,1,168,14.938333333333334,75.51666666666667,6.9799999999999995,0.0
2017-09-10 20:42:00,13,0,234,0,1,0,248,14.91,75.7,6.96,0.0
2017-09-10 20:43:00,11,0,297,0,0,0,308,14.881666666666668,75.88333333333333,6.9399999999999995,0.0
2017-09-10 20:44:00,20,0,385,0,0,0,405,14.853333333333333,76.06666666666666,6.92,0.0
2017-09-10 20:45:00,9,0,336,0,0,0,345,14.825000000000001,76.25,6.8999999999999995,0.0
2017-09-10 20:46:00,38,0,449,0,0,0,487,14.796666666666667,76.43333333333334,6.88,0.0
2017-09-10 20:47:00,30,0,309,0,0,0,339,14.768333333333334,76.61666666666666,6.859999999999999,0.0
2017-09-10 20:48:00,49,0,448,0,0,0,497,14.74,76.8,6.84,0.0
2017-09-10 20:49:00,47,0,147,0,0,1,195,14.711666666666668,76.98333333333333,6.819999999999999,0.0
2017-09-10 20:50:00,24,0,212,0,0,0,236,14.683333333333334,77.16666666666667,6.8,0.0
2017-09-10 20:51:00,6,0,338,0,0,0,344,14.655000000000001,77.35,6.779999999999999,0.0
2017-09-10 20:52:00,8,0,440,1,1,6,456,14.626666666666667,77.53333333333333,6.76,0.0
2017-09-10 20:53:00,21,0,216,0,0,3,240,14.598333333333334,77.71666666666667,6.739999999999999,0.0
2017-09-10 20:54:00,11,0,204,0,1,0,216,14.57,77.9,6.72,0.0
2017-09-10 20:55:00,5,0,242,0,0,0,247,14.541666666666668,78.08333333333333,6.699999999999999,0.0
2017-09-10 20:56:00,6,0,244,0,1,1,252,14.513333333333334,78.26666666666667,6.68,0.0
2017-09-10 20:57:00,2,0,161,0,0,1,164,14.485,78.45,6.66,0.0
2017-09-10 20:58:00,1,0,375,0,3,0,379,14.456666666666667,78.63333333333333,6.64,0.0
2017-09-10 20:59:00,1,0,290,0,0,0,291,14.428333333333335,78.81666666666666,6.619999999999999,0.0
2017-09-10 21:00:00,1,0,369,0,0,3,373,14.4,79.0,6.6,0.0
2017-09-10 21:01:00,5,0,301,0,0,0,306,14.38,79.15,6.619999999999999,0.0
2017-09-10 21:02:00,3,0,374,0,0,0,377,14.36,79.3,6.64,0.0
2017-09-10 21:03:00,3,0,502,0,1,0,506,14.34,79.45,6.659999999999999,0.0
2017-09-10 21:04:00,1,0,435,0,0,0,436,14.32,79.6,6.68,0.0
2017-09-10 21:05:00,3,0,381,0,0,0,384,14.3,79.75,6.699999999999999,0.0
2017-09-10 21:06:00,1,0,350,0,0,0,351,14.280000000000001,79.9,6.72,0.0
2017-09-10 21:07:00,8,0,199,0,0,0,207,14.26,80.05,6.739999999999999,0.0
2017-09-10 21:08:00,2,0,166,0,0,0,168,14.24,80.2,6.76,0.0
2017-09-10 21:09:00,3,0,413,0,0,0,416,14.22,80.35,6.779999999999999,0.0
2017-09-10 21:10:00,0,0,302,0,0,0,302,14.2,80.5,6.8,0.0
2017-09-10 21:11:00,0,0,440,0,0,2,442,14.18,80.65,6.819999999999999,0.0
2017-09-10 21:12:00,0,0,171,0,0,0,171,14.16,80.8,6.84,0.0
2017-09-10 21:13:00,1,0,254,0,0,0,255,14.14,80.95,6.859999999999999,0.0
2017-09-10 21:14:00,4,0,324,0,0,0,328,14.120000000000001,81.1,6.88,0.0
2017-09-10 21:15:00,4,0,314,0,4,2,324,14.1,81.25,6.8999999999999995,0.0
2017-09-10 21:16:00,5,0,384,0,0,2,391,14.08,81.4,6.92,0.0
2017-09-10 21:17:00,4,0,241,0,1,2,248,14.06,81.55,6.9399999999999995,0.0
2017-09-10 21:18:00,2,0,515,0,0,2,519,14.04,81.7,6.96,0.0
2017-09-10 21:19:00,7,0,314,0,0,0,321,14.02,81.85,6.9799999999999995,0.0
2017-09-10 21:20:00,13,0,309,0,0,0,322,14.0,82.0,7.0,0.0
2017-09-10 21:21:00,3,0,428,0,0,0,431,13.98,82.15,7.02,0.0
2017-09-10 21:22:00,2,0,172,0,3,0,177,13.96,82.3,7.04,0.0
2017-09-10 21:23:00,5,0,269,0,0,0,274,13.94,82.45,7.06,0.0
2017-09-10 21:24:00,4,0,241,0,0,0,245,13.92,82.6,7.08,0.0
2017-09-10 21:25:00,17,0,318,0,9,2,346,13.9,82.75,7.1,0.0
2017-09-10 21:26:00,18,0,495,0,0,0,513,13.879999999999999,82.9,7.12,0.0
2017-09-10 21:27:00,23,0,375,0,0,0,398,13.86,83.05,7.14,0.0
2017-09-10 21:28:00,30,0,386,0,0,1,417,13.84,83.2,7.16,0.0
2017-09-10 21:29:00,48,0,201,0,2,6,257,13.82,83.35,7.18,0.0
2017-09-10 21:30:00,24,0,201,0,0,4,229,13.8,83.5,7.199999999999999,0.0
2017-09-10 21:31:00,82,0,304,0,0,1,387,13.78,83.65,7.22,0.0
2017-09-10 21:32:00,71,0,285,0,0,1,357,13.76,83.8,7.24,0.0
2017-09-10 21:33:00,67,0,226,0,0,0,293,13.74,83.95,7.26,0.0
2017-09-10 21:34:00,36,0,393,0,0,0,429,13.719999999999999,84.1,7.279999999999999,0.0
2017-09-10 21:35:00,39,0,288,0,1,2,330,13.7,84.25,7.3,0.0
2017-09-10 21:36:00,37,0,318,0,0,0,355,13.68,84.4,7.32,0.0
2017-09-10 21:37:00,51,0,198,0,0,0,249,13.66,84.55,7.34,0.0
2017-09-10 21:38:00,24,0,359,0,0,2,385,13.64,84.7,7.359999999999999,0.0
2017-09-10 21:39:00,18,0,475,0,0,0,493,13.62,84.85,7.38,0.0
2017-09-10 21:40:00,40,0,287,0,0,0,327,13.6,85.0,7.3999999999999995,0.0
2017-09-10 21:41:00,32,0,274,0,2,7,315,13.58,85.15,7.42,0.0
2017-09-10 21:42:00,22,0,474,0,2,0,498,13.559999999999999,85.3,7.4399999999999995,0.0
2017-09-10 21:43:00,15,0,407,0,0,0,422,13.54,85.45,7.46,0.0
2017-09-10 21:44:00,11,0,334,0,2,4,351,13.52,85.6,7.4799999999999995,0.0
2017-09-10 21:45:00,41,0,145,0,1,0,187,13.5,85.75,7.5,0.0
2017-09-10 21:46:00,22,0,320,0,0,0,342,13.48,85.9,7.52,0.0
2017-09-10 21:47:00,24,0,200,0,0,0,224,13.459999999999999,86.05,7.54,0.0
2017-09-10 21:48:00,17,0,347,0,0,1,365,13.44,86.2,7.56,0.0
2017-09-10 21:49:00,12,0,241,0,0,0,253,13.42,86.35,7.58,0.0
2017-09-10 21:50:00,11,0,192,0,0,0,203,13.399999999999999,86.5,7.6,0.0
2017-09-10 21:51:00,5,0,145,1,0,0,151,13.379999999999999,86.65,7.62,0.0
2017-09-10 21:52:00,11,0,139,0,0,0,150,13.36,86.8,7.64,0.0
2017-09-10 21:53:00,6,0,302,0,0,0,308,13.34,86.95,7.66,0.0
2017-09-10 21:54:00,22,0,109,0,0,0,131,13.32,87.1,7.68,0.0
2017-09-10 21:55:00,5,0,185,1,0,0,191,13.299999999999999,87.25,7.7,0.0
2017-09-10 21:56:00,11,0,151,0,0,0,162,13.28,87.4,7.72,0.0
2017-09-10 21:57:00,12,0,167,0,0,0,179,13.26,87.55,7.74,0.0
2017-09-10 21:58:00,14,0,233,0,0,0,247,13.239999999999998,87.7,7.76,0.0
2017-09-10 21:59:00,17,0,178,0,1,0,196,13.219999999999999,87.85,7.779999999999999,0.0
2017-09-10 22:00:00,18,0,122,0,0,0,140,13.2,88.0,7.8,0.0
2017-09-10 22:01:00,11,0,277,0,0,0,288,13.219999999999999,87.93333333333334,7.766666666666667,0.0
2017-09-10 22:02:00,22,0,158,0,0,0,180,13.239999999999998,87.86666666666666,7.733333333333333,0.0
2017-09-10 22:03:00,20,0,78,0,0,0,98,13.26,87.8,7.7,0.0
2017-09-10 22:04:00,13,0,120,0,2,0,135,13.28,87.73333333333333,7.666666666666666,0.0
2017-09-10 22:05:00,5,0,251,0,0,0,256,13.299999999999999,87.66666666666667,7.633333333333333,0.0
2017-09-10 22:06:00,10,0,216,0,0,0,226,13.32,87.6,7.6,0.0
2017-09-10 22:07:00,18,0,253,0,0,0,271,13.34,87.53333333333333,7.566666666666666,0.0
2017-09-10 22:08:00,27,0,105,0,0,0,132,13.36,87.46666666666667,7.533333333333333,0.0
2017-09-10 22:09:00,12,0,146,0,0,0,158,13.379999999999999,87.4,7.5,0.0
2017-09-10 22:10:00,7,0,83,0,0,0,90,13.399999999999999,87.33333333333333,7.466666666666667,0.0
2017-09-10 22:11:00,15,0,93,0,0,0,108,13.42,87.26666666666667,7.433333333333334,0.0
2017-09-10 22:12:00,17,0,144,0,0,0,161,13.44,87.2,7.3999999999999995,0.0
2017-09-10 22:13:00,15,0,163,0,0,0,178,13.459999999999999,87.13333333333334,7.366666666666666,0.0
2017-09-10 22:14:00,2,0,173,0,0,0,175,13.48,87.06666666666666,7.333333333333333,0.0
2017-09-10 22:15:00,7,0,112,0,1,0,120,13.5,87.0,7.3,0.0
2017-09-10 22:16:00,47,0,225,0,0,0,272,13.52,86.93333333333334,7.266666666666667,0.0
2017-09-10 22:17:00,7,0,214,0,0,0,221,13.54,86.86666666666666,7.233333333333333,0.0
2017-09-10 22:18:00,19,0,196,0,0,0,215,13.559999999999999,86.8,7.2,0.0
2017-09-10 22:19:00,11,0,368,0,0,0,379,13.58,86.73333333333333,7.166666666666666,0.0
2017-09-10 22:20:00,12,0,206,0,0,0,218,13.6,86.66666666666667,7.133333333333333,0.0
2017-09-10 22:21:00,9,0,298,0,0,0,307,13.62,86.6,7.1,0.0
2017-09-10 22:22:00,3,0,190,0,1,0,194,13.64,86.53333333333333,7.066666666666666,0.0
2017-09-10 22:23:00,9,0,110,0,2,0,121,13.66,86.46666666666667,7.033333333333333,0.0
2017-09-10 22:24:00,2,0,124,0,0,0,126,13.68,86.4,7.0,0.0
2017-09-10 22:25:00,0,0,259,0,0,0,259,13.7,86.33333333333333,6.966666666666667,0.0
2017-09-10 22:26:00,4,0,135,1,0,0,140,13.719999999999999,86.26666666666667,6.933333333333334,0.0
2017-09-10 22:27:00,9,0,119,0,0,0,128,13.74,86.2,6.8999999999999995,0.0
2017-09-10 22:28:00,11,0,109,0,0,0,120,13.76,86.13333333333334,6.866666666666666,0.0
2017-09-10 22:29:00,7,0,70,0,0,0,77,13.78,86.06666666666666,6.833333333333333,0.0
2017-09-10 22:30:00,7,0,40,0,0,0,47,13.8,86.0,6.8,0.0
2017-09-10 22:31:00,1,0,188,0,0,1,190,13.82,85.93333333333334,6.766666666666667,0.0
2017-09-10 22:32:00,10,0,132,0,0,0,142,13.84,85.86666666666666,6.733333333333333,0.0
2017-09-10 22:33:00,13,0,109,0,0,0,122,13.86,85.8,6.699999999999999,0.0
2017-09-10 22:34:00,5,0,161,0,1,1,168,13.879999999999999,85.73333333333333,6.666666666666666,0.0
2017-09-10 22:35:00,3,0,88,0,0,0,91,13.9,85.66666666666667,6.633333333333333,0.0
2017-09-10 22:36:00,4,0,100,0,0,0,104,13.92,85.6,6.6,0.0
2017-09-10 22:37:00,9,0,138,0,0,0,147,13.94,85.53333333333333,6.566666666666666,0.0
2017-09-10 22:38:00,1,0,385,0,0,0,386,13.96,85.46666666666667,6.533333333333333,0.0
2017-09-10 22:39:00,5,0,176,0,0,0,181,13.98,85.4,6.5,0.0
2017-09-10 22:40:00,5,0,152,0,0,2,159,14.0,85.33333333333333,6.466666666666667,0.0
2017-09-10 22:41:00,7,0,71,0,0,0,78,14.02,85.26666666666667,6.433333333333334,0.0
2017-09-10 22:42:00,5,0,110,0,0,0,115,14.04,85.2,6.4,0.0
2017-09-10 22:43:00,13,0,129,0,1,0,143,14.06,85.13333333333334,6.366666666666666,0.0
2017-09-10 22:44:00,8,0,169,0,0,0,177,14.08,85.06666666666666,6.333333333333333,0.0
2017-09-10 22:45:00,2,0,94,0,0,0,96,14.1,85.0,6.3,0.0
2017-09-10 22:46:00,6,0,36,0,0,0,42,14.120000000000001,84.93333333333334,6.266666666666667,0.0
2017-09-10 22:47:00,8,0,164,0,0,0,172,14.14,84.86666666666666,6.233333333333333,0.0
2017-09-10 22:48:00,5,0,116,0,0,0,121,14.16,84.8,6.199999999999999,0.0
2017-09-10 22:49:00,3,0,82,0,0,0,85,14.18,84.73333333333333,6.166666666666666,0.0
2017-09-10 22:50:00,4,0,68,0,1,0,73,14.2,84.66666666666667,6.133333333333333,0.0
2017-09-10 22:51:00,7,0,97,0,0,0,104,14.22,84.6,6.1,0.0
2017-09-10 22:52:00,3,0,83,0,0,0,86,14.24,84.53333333333333,6.066666666666666,0.0
2017-09-10 22:53:00,4,0,100,0,0,0,104,14.26,84.46666666666667,6.033333333333333,0.0
2017-09-10 22:54:00,3,0,87,0,0,1,91,14.280000000000001,84.4,6.0,0.0
2017-09-10 22:55:00,5,0,81,0,0,0,86,14.3,84.33333333333333,5.966666666666667,0.0
2017-09-10 22:56:00,4,0,98,0,0,21,123,14.32,84.26666666666667,5.933333333333334,0.0
2017-09-10 22:57:00,3,0,138,0,0,0,141,14.34,84.2,5.9,0.0
2017-09-10 22:58:00,42,0,115,0,0,0,157,14.36,84.13333333333334,5.866666666666666,0.0
2017-09-10 22:59:00,7,0,39,0,0,0,46,14.38,84.06666666666666,5.833333333333333,0.0
2017-09-10 23:00:00,4,0,39,0,0,0,43,14.4,84.0,5.8,0.0
2017-09-10 23:01:00,3,0,116,1,0,0,120,14.401666666666667,84.03333333333333,5.793333333333333,0.0
2017-09-10 23:02:00,4,0,65,0,7,0,76,14.403333333333334,84.06666666666666,5.786666666666666,0.0
2017-09-10 23:03:00,13,0,77,0,0,0,90,14.405000000000001,84.1,5.78,0.0
2017-09-10 23:04:00,2,0,131,0,0,0,133,14.406666666666666,84.13333333333334,5.773333333333333,0.0
2017-09-10 23:05:00,8,0,160,0,0,0,168,14.408333333333333,84.16666666666667,5.766666666666667,0.0
2017-09-10 23:06:00,3,0,76,0,0,0,79,14.41,84.2,5.76,0.0
2017-09-10 23:07:00,3,0,255,0,1,0,259,14.411666666666667,84.23333333333333,5.753333333333333,0.0
2017-09-10 23:08:00,1,0,38,0,0,0,39,14.413333333333334,84.26666666666667,5.746666666666666,0.0
2017-09-11 06:08:00,0,0,88,0,0,0,88,11.473333333333334,98.46666666666667,3.98,0.0
2017-09-11 06:09:00,11,0,144,0,0,0,155,11.495000000000001,98.4,4.015000000000001,0.0
2017-09-11 06:10:00,4,0,118,0,0,0,122,11.516666666666667,98.33333333333333,4.05,0.0
2017-09-11 06:11:00,9,0,57,0,1,1,68,11.538333333333334,98.26666666666667,4.085,0.0
2017-09-11 06:12:00,5,0,114,0,1,3,123,11.56,98.2,4.12,0.0
2017-09-11 06:13:00,4,0,157,0,0,0,161,11.581666666666667,98.13333333333334,4.155,0.0
2017-09-11 06:14:00,2,0,224,0,3,2,231,11.603333333333333,98.06666666666666,4.19,0.0
2017-09-11 06:15:00,1,0,228,0,1,0,230,11.625,98.0,4.225,0.0
2017-09-11 06:16:00,1,0,183,0,10,1,195,11.646666666666667,97.93333333333334,4.26,0.0
2017-09-11 06:17:00,4,0,162,0,2,1,169,11.668333333333333,97.86666666666666,4.295,0.0
2017-09-11 06:18:00,10,0,228,0,5,1,244,11.690000000000001,97.8,4.33,0.0
2017-09-11 06:19:00,5,0,196,0,1,1,203,11.711666666666668,97.73333333333333,4.365,0.0
2017-09-11 06:20:00,3,0,259,0,0,3,265,11.733333333333334,97.66666666666667,4.4,0.0
2017-09-11 06:21:00,18,0,57,0,0,0,75,11.755,97.6,4.4350000000000005,0.0
2017-09-11 06:22:00,30,0,116,0,2,3,151,11.776666666666667,97.53333333333333,4.47,0.0
2017-09-11 06:23:00,18,0,133,0,0,3,154,11.798333333333334,97.46666666666667,4.505,0.0
2017-09-11 06:24:00,7,0,198,0,3,5,213,11.82,97.4,4.54,0.0
2017-09-11 06:25:00,15,0,164,0,0,2,181,11.841666666666667,97.33333333333333,4.575,0.0
2017-09-11 06:26:00,27,0,171,0,0,2,200,11.863333333333333,97.26666666666667,4.61,0.0
2017-09-11 06:27:00,35,0,139,0,0,4,178,11.885,97.2,4.6450000000000005,0.0
2017-09-11 06:28:00,11,0,307,0,0,0,318,11.906666666666666,97.13333333333334,4.68,0.0
2017-09-11 06:29:00,10,0,291,0,5,7,313,11.928333333333333,97.06666666666666,4.715,0.0
2017-09-11 06:30:00,10,0,270,0,0,3,283,11.95,97.0,4.75,0.0
2017-09-11 06:31:00,7,0,170,0,0,7,184,11.971666666666668,96.93333333333334,4.785,0.0
2017-09-11 06:32:00,3,0,135,0,0,2,140,11.993333333333334,96.86666666666666,4.82,0.0
2017-09-11 06:33:00,0,0,98,0,1,3,102,12.015,96.8,4.855,0.0
2017-09-11 06:34:00,6,0,197,1,0,2,206,12.036666666666667,96.73333333333333,4.890000000000001,0.0
2017-09-11 06:35:00,1,0,430,1,1,2,435,12.058333333333334,96.66666666666667,4.925,0.0
2017-09-11 06:36:00,0,0,219,0,6,0,225,12.08,96.6,4.96,0.0
2017-09-11 06:37:00,0,0,197,0,11,8,216,12.101666666666667,96.53333333333333,4.995,0.0
2017-09-11 06:38:00,0,0,222,0,0,0,222,12.123333333333333,96.46666666666667,5.03,0.0
2017-09-11 06:39:00,3,0,397,0,0,0,400,12.145,96.4,5.0649999999999995,0.0
2017-09-11 06:40:00,8,0,292,0,4,12,316,12.166666666666666,96.33333333333333,5.1,0.0
2017-09-11 06:41:00,1,0,259,0,5,6,271,12.188333333333333,96.26666666666667,5.135,0.0
2017-09-11 06:42:00,0,0,186,0,0,0,186,12.21,96.2,5.17,0.0
2017-09-11 06:43:00,0,0,328,0,5,1,334,12.231666666666667,96.13333333333334,5.205,0.0
2017-09-11 06:44:00,0,0,181,0,13,6,200,12.253333333333334,96.06666666666666,5.24,0.0
2017-09-11 06:45:00,0,0,263,0,6,0,269,12.275,96.0,5.275,0.0
2017-09-11 06:46:00,1,0,504,0,3,4,512,12.296666666666667,95.93333333333334,5.3100000000000005,0.0
2017-09-11 06:47:00,0,0,307,0,0,2,309,12.318333333333333,95.86666666666666,5.345,0.0
2017-09-11 06:48:00,1,0,394,5,0,28,428,12.34,95.8,5.38,0.0
2017-09-11 06:49:00,1,0,278,0,0,5,284,12.361666666666666,95.73333333333333,5.415,0.0
2017-09-11 06:50:00,1,0,189,0,3,3,196,12.383333333333333,95.66666666666667,5.45,0.0
2017-09-11 06:51:00,0,0,518,0,0,36,554,12.405,95.6,5.485,0.0
2017-09-11 06:52:00,5,0,408,0,2,7,422,12.426666666666666,95.53333333333333,5.52,0.0
2017-09-11 06:53:00,4,0,293,0,0,1,298,12.448333333333334,95.46666666666667,5.555,0.0
2017-09-11 06:54:00,1,0,248,0,0,0,249,12.469999999999999,95.4,5.59,0.0
2017-09-11 06:55:00,0,0,297,0,1,1,299,12.491666666666667,95.33333333333333,5.625,0.0
2017-09-11 06:56:00,2,0,177,0,0,1,180,12.513333333333334,95.26666666666667,5.66,0.0
2017-09-11 06:57:00,2,0,441,0,0,7,450,12.535,95.2,5.695,0.0
2017-09-11 06:58:00,1,0,207,0,34,4,246,12.556666666666667,95.13333333333334,5.73,0.0
2017-09-11 06:59:00,0,0,237,0,16,19,272,12.578333333333333,95.06666666666666,5.765000000000001,0.0
2017-09-11 07:00:00,0,0,133,0,0,0,133,12.6,95.0,5.8,0.0
2017-09-11 07:01:00,0,0,270,0,8,8,286,12.639999999999999,94.75,5.765,0.0
2017-09-11 07:02:00,0,0,264,0,0,0,264,12.68,94.5,5.7299999999999995,0.0
2017-09-11 07:03:00,1,0,438,0,3,2,444,12.719999999999999,94.25,5.695,0.0
2017-09-11 07:04:00,0,0,282,0,0,2,284,12.76,94.0,5.66,0.0
2017-09-11 07:05:00,0,0,291,0,5,5,301,12.799999999999999,93.75,5.625,0.0
2017-09-11 07:06:00,1,0,173,0,0,1,175,12.84,93.5,5.59,0.0
2017-09-11 07:07:00,8,0,271,0,0,2,281,12.879999999999999,93.25,5.555,0.0
2017-09-11 07:08:00,3,0,491,0,4,3,501,12.92,93.0,5.52,0.0
2017-09-11 07:09:00,1,0,166,0,5,3,175,12.959999999999999,92.75,5.484999999999999,0.0
2017-09-11 07:10:00,0,0,118,0,0,3,121,13.0,92.5,5.45,0.0
2017-09-11 07:11:00,1,0,279,0,2,5,287,13.04,92.25,5.415,0.0
2017-09-11 07:12:00,0,0,543,0,7,3,553,13.08,92.0,5.38,0.0
2017-09-11 07:13:00,2,0,386,0,7,4,399,13.12,91.75,5.345,0.0
2017-09-11 07:14:00,0,0,522,0,4,6,532,13.16,91.5,5.31,0.0
2017-09-11 07:15:00,29,0,192,0,0,1,222,13.2,91.25,5.275,0.0
2017-09-11 07:16:00,1,0,130,0,1,0,132,13.24,91.0,5.24,0.0
2017-09-11 07:17:00,1,0,209,0,6,6,222,13.28,90.75,5.205,0.0
2017-09-11 07:18:00,2,0,126,0,0,0,128,13.32,90.5,5.17,0.0
2017-09-11 07:19:00,0,0,320,0,8,4,332,13.36,90.25,5.135,0.0
2017-09-11 07:20:00,1,0,186,0,12,0,199,13.4,90.0,5.1,0.0
2017-09-11 07:21:00,2,0,210,0,7,0,219,13.44,89.75,5.0649999999999995,0.0
2017-09-11 07:22:00,0,0,182,0,1,2,185,13.48,89.5,5.03,0.0
2017-09-11 07:23:00,0,0,99,0,1,1,101,13.52,89.25,4.995,0.0
2017-09-11 07:24:00,0,0,119,0,8,5,132,13.56,89.0,4.96,0.0
2017-09-11 07:25:00,0,0,183,0,0,1,184,13.6,88.75,4.925,0.0
2017-09-11 07:26:00,0,0,158,0,2,1,161,13.64,88.5,4.89,0.0
2017-09-11 07:27:00,2,0,90,0,2,0,94,13.68,88.25,4.8549999999999995,0.0
2017-09-11 07:28:00,0,0,182,0,5,2,189,13.719999999999999,88.0,4.82,0.0
2017-09-11 07:29:00,1,0,244,0,2,0,247,13.76,87.75,4.785,0.0
2017-09-11 07:30:00,2,0,169,0,1,2,174,13.8,87.5,4.75,0.0
2017-09-11 07:31:00,12,0,192,0,0,0,204,13.84,87.25,4.715,0.0
2017-09-11 07:32:00,6,0,147,0,3,1,157,13.879999999999999,87.0,4.68,0.0
2017-09-11 07:33:00,2,0,168,0,2,1,173,13.92,86.75,4.645,0.0
2017-09-11 07:34:00,9,0,147,0,12,0,168,13.96,86.5,4.609999999999999,0.0
2017-09-11 07:35:00,0,0,276,0,3,0,279,14.0,86.25,4.575,0.0
2017-09-11 07:36:00,3,0,158,1,1,0,163,14.04,86.0,4.54,0.0
2017-09-11 07:37:00,0,0,264,0,6,2,272,14.08,85.75,4.505,0.0
2017-09-11 07:38:00,1,0,245,0,4,0,250,14.12,85.5,4.47,0.0
2017-09-11 07:39:00,4,0,164,0,7,3,178,14.16,85.25,4.4350000000000005,0.0
2017-09-11 07:40:00,0,0,294,0,2,1,297,14.2,85.0,4.4,0.0
2017-09-11 07:41:00,1,0,385,0,9,1,396,14.24,84.75,4.365,0.0
2017-09-11 07:42:00,1,0,445,0,3,1,450,14.28,84.5,4.33,0.0
2017-09-11 07:43:00,1,0,585,0,5,3,594,14.32,84.25,4.295,0.0
2017-09-11 07:44:00,0,0,490,0,0,0,490,14.36,84.0,4.26,0.0
2017-09-11 07:45:00,2,0,328,0,6,0,336,14.4,83.75,4.225,0.0
2017-09-11 07:46:00,0,0,486,0,4,2,492,14.44,83.5,4.1899999999999995,0.0
2017-09-11 07:47:00,0,0,819,0,5,2,826,14.48,83.25,4.155,0.0
2017-09-11 07:48:00,0,0,546,0,7,3,556,14.52,83.0,4.12,0.0
2017-09-11 07:49:00,0,0,644,0,5,7,656,14.56,82.75,4.085,0.0
2017-09-11 07:50:00,0,0,418,0,0,3,421,14.6,82.5,4.05,0.0
2017-09-11 07:51:00,0,0,582,0,0,0,582,14.64,82.25,4.015,0.0
2017-09-11 07:52:00,1,0,503,0,0,1,505,14.68,82.0,3.98,0.0
2017-09-11 07:53:00,0,0,617,0,11,7,635,14.72,81.75,3.9450000000000003,0.0
2017-09-11 07:54:00,1,0,745,0,7,3,756,14.76,81.5,3.91,0.0
2017-09-11 07:55:00,7,0,534,0,3,5,549,14.8,81.25,3.875,0.0
2017-09-11 07:56:00,5,0,595,0,2,1,603,14.84,81.0,3.84,0.0
2017-09-11 07:57:00,2,0,297,0,3,1,303,14.879999999999999,80.75,3.8049999999999997,0.0
2017-09-11 07:58:00,0,0,608,0,1,0,609,14.92,80.5,3.77,0.0
2017-09-11 07:59:00,5,0,588,0,2,3,598,14.96,80.25,3.735,0.0
2017-09-11 08:00:00,0,0,627,0,39,8,674,15.0,80.0,3.7,0.0
2017-09-11 08:01:00,0,0,704,0,6,2,712,15.048333333333334,79.76666666666667,3.66,0.0
2017-09-11 08:02:00,0,0,493,0,3,9,505,15.096666666666666,79.53333333333333,3.62,0.0
2017-09-11 08:03:00,5,0,395,0,3,8,411,15.145,79.3,3.58,0.0
2017-09-11 08:04:00,3,0,589,0,15,1,608,15.193333333333333,79.06666666666666,3.54,0.0
2017-09-11 08:05:00,6,0,523,3,0,1,533,15.241666666666667,78.83333333333333,3.5,0.0
2017-09-11 08:06:00,5,0,544,0,10,1,560,15.29,78.6,3.46,0.0
2017-09-11 08:07:00,2,0,485,0,12,3,502,15.338333333333333,78.36666666666666,3.42,0.0
2017-09-11 08:08:00,0,0,419,0,0,0,419,15.386666666666667,78.13333333333334,3.38,0.0
2017-09-11 08:09:00,1,0,398,0,8,2,409,15.435,77.9,3.34,0.0
2017-09-11 08:10:00,1,0,184,0,4,1,190,15.483333333333333,77.66666666666667,3.3000000000000003,0.0
2017-09-11 08:11:00,0,0,243,0,0,0,243,15.531666666666666,77.43333333333334,3.2600000000000002,0.0
2017-09-11 08:12:00,0,0,227,0,7,0,234,15.58,77.2,3.22,0.0
2017-09-11 08:13:00,0,0,249,0,3,2,254,15.628333333333334,76.96666666666667,3.18,0.0
2017-09-11 08:14:00,2,0,237,0,1,0,240,15.676666666666666,76.73333333333333,3.14,0.0
2017-09-11 08:15:00,0,0,294,0,3,3,300,15.725,76.5,3.1,0.0
2017-09-11 08:16:00,0,0,211,0,1,0,212,15.773333333333333,76.26666666666667,3.06,0.0
2017-09-11 08:17:00,2,0,278,0,0,0,280,15.821666666666665,76.03333333333333,3.02,0.0
2017-09-11 08:18:00,2,0,204,0,3,0,209,15.87,75.8,2.98,0.0
2017-09-11 08:19:00,5,0,251,0,0,3,259,15.918333333333333,75.56666666666666,2.94,0.0
2017-09-11 08:20:00,1,0,260,0,1,0,262,15.966666666666667,75.33333333333333,2.9,0.0
2017-09-11 08:21:00,1,0,240,0,0,0,241,16.015,75.1,2.86,0.0
2017-09-11 08:22:00,0,0,136,0,3,0,139,16.063333333333333,74.86666666666666,2.8200000000000003,0.0
2017-09-11 08:23:00,4,0,265,0,1,0,270,16.111666666666665,74.63333333333333,2.7800000000000002,0.0
2017-09-11 08:24:00,2,0,310,0,8,0,320,16.16,74.4,2.74,0.0
2017-09-11 08:25:00,1,0,322,0,2,0,325,16.208333333333332,74.16666666666667,2.7,0.0
2017-09-11 08:26:00,1,0,208,0,4,2,215,16.256666666666668,73.93333333333334,2.66,0.0
2017-09-11 08:27:00,1,0,268,0,3,1,273,16.305,73.7,2.62,0.0
2017-09-11 08:28:00,1,0,247,0,1,0,249,16.35333333333333,73.46666666666667,2.58,0.0
2017-09-11 08:29:00,2,0,134,0,1,0,137,16.401666666666667,73.23333333333333,2.54,0.0
2017-09-11 08:30:00,8,0,151,0,3,0,162,16.45,73.0,2.5,0.0
2017-09-11 08:31:00,2,0,261,0,0,0,263,16.49833333333333,72.76666666666667,2.46,0.0
2017-09-11 08:32:00,0,0,284,0,2,2,288,16.546666666666667,72.53333333333333,2.42,0.0
2017-09-11 08:33:00,3,0,355,0,1,0,359,16.595,72.3,2.38,0.0
2017-09-11 08:34:00,8,0,261,0,0,0,269,16.64333333333333,72.06666666666666,2.34,0.0
2017-09-11 08:35:00,7,0,254,0,0,1,262,16.691666666666666,71.83333333333333,2.3,0.0
2017-09-11 08:36:00,4,0,201,0,1,0,206,16.74,71.6,2.26,0.0
2017-09-11 08:37:00,0,0,171,0,1,0,172,16.788333333333334,71.36666666666667,2.2199999999999998,0.0
2017-09-11 08:38:00,4,0,171,0,0,0,175,16.836666666666666,71.13333333333333,2.1799999999999997,0.0
2017-09-11 08:39:00,2,0,310,0,0,1,313,16.884999999999998,70.9,2.1399999999999997,0.0
2017-09-11 08:40:00,0,0,198,0,0,1,199,16.933333333333334,70.66666666666667,2.0999999999999996,0.0
2017-09-11 08:41:00,0,0,323,0,0,1,324,16.981666666666666,70.43333333333334,2.0599999999999996,0.0
2017-09-11 08:42:00,1,0,316,0,5,2,324,17.029999999999998,70.2,2.0199999999999996,0.0
2017-09-11 08:43:00,0,0,241,0,0,0,241,17.078333333333333,69.96666666666667,1.9799999999999998,0.0
2017-09-11 08:44:00,3,0,238,0,3,0,244,17.126666666666665,69.73333333333333,1.94,0.0
2017-09-11 08:45:00,0,0,153,1,1,0,155,17.174999999999997,69.5,1.9,0.0
2017-09-11 08:46:00,3,0,409,0,5,1,418,17.223333333333333,69.26666666666667,1.8599999999999999,0.0
2017-09-11 08:47:00,6,0,275,0,4,0,285,17.271666666666665,69.03333333333333,1.8199999999999998,0.0
2017-09-11 08:48:00,3,0,195,0,1,2,201,17.32,68.8,1.7799999999999998,0.0
2017-09-11 08:49:00,1,0,235,0,0,0,236,17.368333333333332,68.56666666666666,1.7399999999999998,0.0
2017-09-11 08:50:00,0,0,219,0,1,0,220,17.416666666666664,68.33333333333333,1.6999999999999997,0.0
2017-09-11 08:51:00,1,0,233,0,1,0,235,17.465,68.1,1.6599999999999997,0.0
2017-09-11 08:52:00,1,0,306,0,0,1,308,17.513333333333332,67.86666666666667,1.6199999999999997,0.0
2017-09-11 08:53:00,7,0,248,0,0,0,255,17.561666666666667,67.63333333333333,1.5799999999999996,0.0
2017-09-11 08:54:00,0,0,311,0,0,2,313,17.61,67.4,1.5399999999999996,0.0
2017-09-11 08:55:00,0,2,262,0,2,0,266,17.65833333333333,67.16666666666667,1.4999999999999996,0.0
2017-09-11 08:56:00,0,2,396,0,1,0,399,17.706666666666663,66.93333333333334,1.46,0.0
2017-09-11 08:57:00,0,0,317,0,2,1,320,17.755,66.7,1.42,0.0
2017-09-11 08:58:00,0,0,267,0,3,0,270,17.80333333333333,66.46666666666667,1.38,0.0
2017-09-11 08:59:00,0,0,570,0,1,2,573,17.851666666666667,66.23333333333333,1.3399999999999999,0.0
2017-09-11 09:00:00,2,0,327,0,0,0,329,17.9,66.0,1.3,0.0
2017-09-11 09:01:00,3,0,378,0,2,0,383,17.939999999999998,65.86666666666666,1.3433333333333333,0.0
2017-09-11 09:02:00,0,0,320,0,1,3,324,17.979999999999997,65.73333333333333,1.3866666666666667,0.0
2017-09-11 09:03:00,0,0,448,0,2,0,450,18.02,65.6,1.43,0.0
2017-09-11 09:04:00,0,0,287,0,3,2,292,18.06,65.46666666666667,1.4733333333333334,0.0
2017-09-11 09:05:00,0,0,375,0,1,1,377,18.099999999999998,65.33333333333333,1.5166666666666666,0.0
2017-09-11 09:06:00,0,0,172,0,2,0,174,18.14,65.2,1.56,0.0
2017-09-11 09:07:00,0,0,323,1,0,0,324,18.18,65.06666666666666,1.6033333333333333,0.0
2017-09-11 09:08:00,1,0,395,0,7,3,406,18.22,64.93333333333334,1.6466666666666667,0.0
2017-09-11 09:09:00,0,0,394,0,3,3,400,18.259999999999998,64.8,1.69,0.0
2017-09-11 09:10:00,0,0,231,0,0,1,232,18.299999999999997,64.66666666666667,1.7333333333333334,0.0
2017-09-11 09:11:00,0,0,654,0,0,0,654,18.34,64.53333333333333,1.7766666666666666,0.0
2017-09-11 09:12:00,2,0,586,0,3,2,593,18.38,64.4,1.8199999999999998,0.0
2017-09-11 09:13:00,0,0,552,0,0,0,552,18.419999999999998,64.26666666666667,1.8633333333333333,0.0
2017-09-11 09:14:00,2,0,684,0,6,1,693,18.46,64.13333333333334,1.9066666666666667,0.0
2017-09-11 09:15:00,0,0,1021,0,1,4,1026,18.5,64.0,1.95,0.0
2017-09-11 09:16:00,0,0,717,0,2,2,721,18.54,63.86666666666667,1.9933333333333332,0.0
2017-09-11 09:17:00,0,0,756,0,3,0,759,18.58,63.733333333333334,2.0366666666666666,0.0
2017-09-11 09:18:00,0,0,947,0,0,1,948,18.619999999999997,63.6,2.08,0.0
2017-09-11 09:19:00,0,0,690,0,0,0,690,18.66,63.46666666666667,2.123333333333333,0.0
2017-09-11 09:20:00,1,0,475,0,15,2,493,18.7,63.333333333333336,2.1666666666666665,0.0
2017-09-11 09:21:00,0,0,436,1,0,0,437,18.74,63.2,2.21,0.0
2017-09-11 09:22:00,0,0,587,0,0,0,587,18.78,63.06666666666667,2.2533333333333334,0.0
2017-09-11 09:23:00,0,0,498,0,0,1,499,18.82,62.93333333333334,2.296666666666667,0.0
2017-09-11 09:24:00,0,0,337,0,3,0,340,18.86,62.8,2.34,0.0
2017-09-11 09:25:00,0,0,573,0,7,9,589,18.9,62.666666666666664,2.3833333333333333,0.0
2017-09-11 09:26:00,2,0,513,0,0,3,518,18.939999999999998,62.53333333333333,2.4266666666666667,0.0
2017-09-11 09:27:00,0,0,639,0,4,2,645,18.98,62.4,2.4699999999999998,0.0
2017-09-11 09:28:00,0,0,536,0,4,3,543,19.02,62.266666666666666,2.513333333333333,0.0
2017-09-11 09:29:00,0,0,674,0,1,7,682,19.06,62.13333333333333,2.5566666666666666,0.0
2017-09-11 09:30:00,0,0,557,0,6,1,564,19.1,62.0,2.5999999999999996,0.0
2017-09-11 09:31:00,1,0,796,0,1,1,799,19.14,61.86666666666667,2.6433333333333335,0.0
2017-09-11 09:32:00,0,0,582,0,0,0,582,19.18,61.733333333333334,2.6866666666666665,0.0
2017-09-11 09:33:00,2,0,348,0,2,1,353,19.22,61.6,2.7299999999999995,0.0
2017-09-11 09:34:00,0,0,579,0,0,4,583,19.259999999999998,61.46666666666667,2.7733333333333334,0.0
2017-09-11 09:35:00,1,0,478,0,4,1,484,19.3,61.333333333333336,2.8166666666666664,0.0
2017-09-11 09:36:00,7,0,455,0,5,4,471,19.34,61.2,2.86,0.0
2017-09-11 09:37:00,7,0,480,0,0,4,491,19.38,61.06666666666666,2.9033333333333333,0.0
2017-09-11 09:38:00,0,0,568,0,1,1,570,19.42,60.93333333333334,2.9466666666666663,0.0
2017-09-11 09:39:00,1,0,493,1,0,1,496,19.46,60.8,2.9899999999999998,0.0
2017-09-11 09:40:00,1,0,545,0,6,0,552,19.5,60.666666666666664,3.033333333333333,0.0
2017-09-11 09:41:00,0,0,274,0,0,1,275,19.54,60.53333333333333,3.076666666666666,0.0
2017-09-11 09:42:00,1,0,622,0,14,5,642,19.58,60.4,3.12,0.0
2017-09-11 09:43:00,1,0,360,0,3,3,367,19.62,60.266666666666666,3.163333333333333,0.0
2017-09-11 09:44:00,0,0,428,0,0,2,430,19.66,60.13333333333333,3.2066666666666666,0.0
2017-09-11 09:45:00,0,0,859,0,2,0,861,19.7,60.0,3.25,0.0
2017-09-11 09:46:00,0,0,839,0,1,2,842,19.740000000000002,59.86666666666667,3.293333333333333,0.0
2017-09-11 09:47:00,0,0,373,0,1,1,375,19.78,59.733333333333334,3.336666666666667,0.0
2017-09-11 09:48:00,0,0,751,0,0,1,752,19.82,59.6,3.38,0.0
2017-09-11 09:49:00,0,0,460,0,0,0,460,19.86,59.46666666666667,3.423333333333333,0.0
2017-09-11 09:50:00,0,0,638,0,0,0,638,19.9,59.333333333333336,3.466666666666667,0.0
2017-09-11 09:51:00,0,0,430,0,3,4,437,19.94,59.2,3.51,0.0
2017-09-11 09:52:00,0,0,751,0,4,11,766,19.98,59.06666666666666,3.553333333333333,0.0
2017-09-11 09:53:00,0,0,545,0,1,2,548,20.02,58.93333333333334,3.5966666666666667,0.0
2017-09-11 09:54:00,0,0,496,0,2,1,499,20.060000000000002,58.8,3.6399999999999997,0.0
2017-09-11 09:55:00,0,0,561,0,2,4,567,20.1,58.666666666666664,3.6833333333333327,0.0
2017-09-11 09:56:00,0,0,558,0,0,2,560,20.14,58.53333333333333,3.7266666666666666,0.0
2017-09-11 09:57:00,1,0,500,0,2,6,509,20.18,58.4,3.7699999999999996,0.0
2017-09-11 09:58:00,2,0,578,0,2,1,583,20.22,58.266666666666666,3.8133333333333335,0.0
2017-09-11 09:59:00,0,0,380,0,7,3,390,20.26,58.13333333333333,3.8566666666666665,0.0
2017-09-11 10:00:00,0,0,428,0,1,2,431,20.3,58.0,3.9,0.0
2017-09-11 10:01:00,1,0,517,0,2,8,528,20.331666666666667,57.9,3.9,0.0
2017-09-11 10:02:00,3,0,651,0,0,0,654,20.363333333333333,57.8,3.9,0.0
2017-09-11 10:03:00,0,0,558,0,0,3,561,20.395,57.7,3.9,0.0
2017-09-11 10:04:00,1,0,648,0,2,7,658,20.426666666666666,57.6,3.9,0.0
2017-09-11 10:05:00,0,0,414,1,1,1,417,20.458333333333336,57.5,3.9,0.0
2017-09-11 10:06:00,0,0,382,0,0,3,385,20.490000000000002,57.4,3.9,0.0
2017-09-11 10:07:00,0,0,585,0,8,2,595,20.52166666666667,57.3,3.9,0.0
2017-09-11 10:08:00,3,0,482,0,2,1,488,20.553333333333335,57.2,3.9,0.0
2017-09-11 10:09:00,0,0,721,0,4,5,730,20.585,57.1,3.9,0.0
2017-09-11 10:10:00,0,0,649,0,6,2,657,20.616666666666667,57.0,3.9,0.0
2017-09-11 10:11:00,0,0,613,0,1,1,615,20.648333333333333,56.9,3.9,0.0
2017-09-11 10:12:00,2,0,775,0,1,3,781,20.68,56.8,3.9,0.0
2017-09-11 10:13:00,2,0,524,0,2,0,528,20.711666666666666,56.7,3.9,0.0
2017-09-11 10:14:00,8,0,433,0,2,2,445,20.743333333333332,56.6,3.9,0.0
2017-09-11 10:15:00,0,0,614,0,3,0,617,20.775,56.5,3.9,0.0
2017-09-11 10:16:00,1,0,361,0,2,4,368,20.80666666666667,56.4,3.9,0.0
2017-09-11 10:17:00,0,0,631,0,0,0,631,20.838333333333335,56.3,3.9,0.0
2017-09-11 10:18:00,0,0,654,0,6,1,661,20.87,56.2,3.9,0.0
2017-09-11 10:19:00,0,0,748,0,7,1,756,20.901666666666667,56.1,3.9,0.0
2017-09-11 10:20:00,0,0,558,0,0,4,562,20.933333333333334,56.0,3.9,0.0
2017-09-11 10:21:00,1,0,868,0,0,1,870,20.965,55.9,3.9,0.0
2017-09-11 10:22:00,0,0,1107,0,1,5,1113,20.996666666666666,55.8,3.9,0.0
2017-09-11 10:23:00,2,0,515,0,3,4,524,21.028333333333332,55.7,3.9,0.0
2017-09-11 10:24:00,0,0,598,0,1,2,601,21.06,55.6,3.9,0.0
2017-09-11 10:25:00,0,0,459,0,1,1,461,21.09166666666667,55.5,3.9,0.0
2017-09-11 10:26:00,0,0,660,0,8,7,675,21.123333333333335,55.4,3.9,0.0
2017-09-11 10:27:00,0,0,860,0,1,1,862,21.155,55.3,3.9,0.0
2017-09-11 10:28:00,3,0,801,0,2,5,811,21.186666666666667,55.2,3.9,0.0
2017-09-11 10:29:00,0,0,864,0,0,3,867,21.218333333333334,55.1,3.9,0.0
2017-09-11 10:30:00,0,0,485,0,3,7,495,21.25,55.0,3.9,0.0
2017-09-11 10:31:00,1,0,760,0,6,7,774,21.281666666666666,54.9,3.9,0.0
2017-09-11 10:32:00,0,0,691,0,2,6,699,21.313333333333333,54.8,3.9,0.0
2017-09-11 10:33:00,4,0,717,0,2,1,724,21.345,54.7,3.9,0.0
2017-09-11 10:34:00,0,0,656,0,10,0,666,21.376666666666665,54.6,3.9,0.0
2017-09-11 10:35:00,0,0,614,0,2,4,620,21.40833333333333,54.5,3.9,0.0
2017-09-11 10:36:00,1,0,581,0,0,3,585,21.44,54.4,3.9,0.0
2017-09-11 10:37:00,0,0,714,0,0,4,718,21.471666666666668,54.3,3.9,0.0
2017-09-11 10:38:00,0,0,626,0,1,0,627,21.503333333333334,54.2,3.9,0.0
2017-09-11 10:39:00,0,0,749,0,5,8,762,21.535,54.1,3.9,0.0
2017-09-11 10:40:00,1,0,506,1,4,3,515,21.566666666666666,54.0,3.9,0.0
2017-09-11 10:41:00,2,0,650,2,1,2,657,21.598333333333333,53.9,3.9,0.0
2017-09-11 10:42:00,0,0,741,0,7,6,754,21.63,53.8,3.9,0.0
2017-09-11 10:43:00,0,0,720,0,16,8,744,21.661666666666665,53.7,3.9,0.0
2017-09-11 10:44:00,1,0,687,0,4,10,702,21.69333333333333,53.6,3.9,0.0
2017-09-11 10:45:00,0,0,829,0,1,2,832,21.725,53.5,3.9,0.0
2017-09-11 10:46:00,0,0,511,0,9,6,526,21.756666666666668,53.4,3.9,0.0
2017-09-11 10:47:00,0,0,864,0,0,7,871,21.788333333333334,53.3,3.9,0.0
2017-09-11 10:48:00,2,0,740,0,2,0,744,21.82,53.2,3.9,0.0
2017-09-11 10:49:00,18,0,855,5,2,1,881,21.851666666666667,53.1,3.9,0.0
2017-09-11 10:50:00,1,0,500,0,5,2,508,21.883333333333333,53.0,3.9,0.0
2017-09-11 10:51:00,0,0,814,0,4,1,819,21.915,52.9,3.9,0.0
2017-09-11 10:52:00,0,0,706,0,8,3,717,21.946666666666665,52.8,3.9,0.0
2017-09-11 10:53:00,1,0,925,0,0,2,928,21.97833333333333,52.7,3.9,0.0
2017-09-11 10:54:00,5,0,675,0,3,6,689,22.009999999999998,52.6,3.9,0.0
2017-09-11 10:55:00,0,0,747,0,2,1,750,22.041666666666664,52.5,3.9,0.0
2017-09-11 10:56:00,0,0,467,0,2,1,470,22.073333333333334,52.4,3.9,0.0
2017-09-11 10:57:00,1,0,596,0,2,2,601,22.105,52.3,3.9,0.0
2017-09-11 10:58:00,0,0,841,0,2,2,845,22.136666666666667,52.2,3.9,0.0
2017-09-11 10:59:00,2,0,652,0,1,2,657,22.168333333333333,52.1,3.9,0.0
2017-09-11 11:00:00,0,0,934,0,0,1,935,22.2,52.0,3.9,0.0
2017-09-11 11:01:00,3,0,758,0,6,2,769,22.223333333333333,51.96666666666667,3.9283333333333332,0.0
2017-09-11 11:02:00,9,0,873,0,5,5,892,22.246666666666666,51.93333333333333,3.9566666666666666,0.0
2017-09-11 11:03:00,0,0,670,0,3,6,679,22.27,51.9,3.985,0.0
2017-09-11 11:04:00,2,0,664,0,1,1,668,22.293333333333333,51.86666666666667,4.013333333333334,0.0
2017-09-11 11:05:00,2,0,529,0,3,5,539,22.316666666666666,51.833333333333336,4.041666666666667,0.0
2017-09-11 11:06:00,0,0,699,2,1,5,707,22.34,51.8,4.07,0.0
2017-09-11 11:07:00,2,0,843,0,3,3,851,22.363333333333333,51.766666666666666,4.098333333333334,0.0
2017-09-11 11:08:00,0,0,1123,0,13,4,1140,22.386666666666667,51.733333333333334,4.126666666666667,0.0
2017-09-11 11:09:00,0,0,1100,0,7,0,1107,22.41,51.7,4.155,0.0
2017-09-11 11:10:00,0,0,667,0,16,6,689,22.433333333333334,51.666666666666664,4.183333333333334,0.0
2017-09-11 11:11:00,0,0,1131,0,10,2,1143,22.456666666666667,51.63333333333333,4.211666666666667,0.0
2017-09-11 11:12:00,0,0,781,0,0,6,787,22.48,51.6,4.24,0.0
2017-09-11 11:13:00,0,0,1336,0,6,2,1344,22.503333333333334,51.56666666666667,4.2683333333333335,0.0
2017-09-11 11:14:00,2,0,489,0,7,3,501,22.526666666666667,51.53333333333333,4.296666666666667,0.0
2017-09-11 11:15:00,0,0,712,3,1,9,725,22.55,51.5,4.325,0.0
2017-09-11 11:16:00,0,0,703,0,3,1,707,22.573333333333334,51.46666666666667,4.3533333333333335,0.0
2017-09-11 11:17:00,2,0,839,0,1,1,843,22.596666666666668,51.43333333333333,4.381666666666667,0.0
2017-09-11 11:18:00,0,0,736,0,2,6,744,22.62,51.4,4.41,0.0
2017-09-11 11:19:00,1,0,777,0,4,1,783,22.643333333333334,51.36666666666667,4.4383333333333335,0.0
2017-09-11 11:20:00,0,0,991,0,1,2,994,22.666666666666668,51.333333333333336,4.466666666666667,0.0
2017-09-11 11:21:00,0,0,478,1,9,16,504,22.69,51.3,4.495,0.0
2017-09-11 11:22:00,0,0,696,0,1,2,699,22.713333333333335,51.266666666666666,4.523333333333333,0.0
2017-09-11 11:23:00,1,0,519,0,0,2,522,22.736666666666668,51.233333333333334,4.551666666666667,0.0
2017-09-11 11:24:00,0,0,802,0,5,2,809,22.76,51.2,4.58,0.0
2017-09-11 11:25:00,1,0,516,0,4,11,532,22.783333333333335,51.166666666666664,4.608333333333333,0.0
2017-09-11 11:26:00,1,0,560,0,2,5,568,22.80666666666667,51.13333333333333,4.636666666666667,0.0
2017-09-11 11:27:00,0,0,499,0,8,3,510,22.830000000000002,51.1,4.665,0.0
2017-09-11 11:28:00,2,0,1074,0,11,7,1094,22.853333333333335,51.06666666666667,4.693333333333333,0.0
2017-09-11 11:29:00,0,0,903,0,1,10,914,22.87666666666667,51.03333333333333,4.721666666666667,0.0
2017-09-11 11:30:00,0,0,794,0,6,1,801,22.9,51.0,4.75,0.0
2017-09-11 11:31:00,0,0,1017,0,18,1,1036,22.923333333333332,50.96666666666667,4.778333333333333,0.0
2017-09-11 11:32:00,0,0,467,0,32,4,503,22.946666666666665,50.93333333333333,4.806666666666667,0.0
2017-09-11 11:33:00,0,0,902,0,1,0,903,22.97,50.9,4.835,0.0
2017-09-11 11:34:00,3,0,576,0,1,3,583,22.993333333333332,50.86666666666667,4.863333333333333,0.0
2017-09-11 11:35:00,2,0,665,0,4,1,672,23.016666666666666,50.833333333333336,4.891666666666667,0.0
2017-09-11 11:36:00,1,0,456,0,4,7,468,23.04,50.8,4.92,0.0
2017-09-11 11:37:00,2,0,1004,0,25,12,1043,23.063333333333333,50.766666666666666,4.948333333333333,0.0
2017-09-11 11:38:00,0,0,647,0,4,2,653,23.086666666666666,50.733333333333334,4.976666666666667,0.0
2017-09-11 11:39:00,0,0,590,0,11,5,606,23.11,50.7,5.005,0.0
2017-09-11 11:40:00,0,0,988,0,28,1,1017,23.133333333333333,50.666666666666664,5.033333333333333,0.0
2017-09-11 11:41:00,1,0,837,0,2,2,842,23.156666666666666,50.63333333333333,5.0616666666666665,0.0
2017-09-11 11:42:00,0,0,997,0,1,0,998,23.18,50.6,5.09,0.0
2017-09-11 11:43:00,0,0,629,0,10,9,648,23.203333333333333,50.56666666666667,5.118333333333333,0.0
2017-09-11 11:44:00,0,0,1015,0,2,5,1022,23.226666666666667,50.53333333333333,5.1466666666666665,0.0
2017-09-11 11:45:00,0,0,639,0,1,4,644,23.25,50.5,5.175,0.0
2017-09-11 11:46:00,0,0,789,1,7,2,799,23.273333333333333,50.46666666666667,5.203333333333333,0.0
2017-09-11 11:47:00,0,0,688,3,4,2,697,23.296666666666667,50.43333333333333,5.2316666666666665,0.0
2017-09-11 11:48:00,2,0,765,0,29,6,802,23.32,50.4,5.26,0.0
2017-09-11 11:49:00,0,0,857,0,8,0,865,23.343333333333334,50.36666666666667,5.288333333333333,0.0
2017-09-11 11:50:00,0,0,579,0,2,4,585,23.366666666666667,50.333333333333336,5.316666666666666,0.0
2017-09-11 11:51:00,1,0,906,0,1,7,915,23.39,50.3,5.345,0.0
2017-09-11 11:52:00,0,0,573,0,0,2,575,23.413333333333334,50.266666666666666,5.373333333333333,0.0
2017-09-11 11:53:00,0,0,889,0,4,3,896,23.436666666666667,50.233333333333334,5.401666666666666,0.0
2017-09-11 11:54:00,0,0,477,0,6,5,488,23.46,50.2,5.43,0.0
2017-09-11 11:55:00,1,0,754,0,3,4,762,23.483333333333334,50.166666666666664,5.458333333333333,0.0
2017-09-11 11:56:00,0,0,727,0,5,3,735,23.506666666666668,50.13333333333333,5.486666666666666,0.0
2017-09-11 11:57:00,2,0,682,1,3,7,695,23.53,50.1,5.515,0.0
2017-09-11 11:58:00,0,0,837,0,0,1,838,23.553333333333335,50.06666666666667,5.543333333333333,0.0
2017-09-11 11:59:00,3,0,720,0,6,11,740,23.576666666666668,50.03333333333333,5.571666666666666,0.0
2017-09-11 12:00:00,0,0,944,1,2,4,951,23.6,50.0,5.6,0.0
2017-09-11 12:01:00,0,0,523,1,2,4,530,23.62,49.93333333333333,5.6066666666666665,0.0
2017-09-11 12:02:00,0,0,936,0,0,4,940,23.64,49.86666666666667,5.613333333333333,0.0
2017-09-11 12:03:00,2,0,541,0,3,3,549,23.66,49.8,5.619999999999999,0.0
2017-09-11 12:04:00,0,0,513,0,13,13,539,23.68,49.733333333333334,5.626666666666666,0.0
2017-09-11 12:05:00,0,0,677,0,1,0,678,23.700000000000003,49.666666666666664,5.633333333333333,0.0
2017-09-11 12:06:00,1,0,721,0,3,2,727,23.720000000000002,49.6,5.64,0.0
2017-09-11 12:07:00,0,0,755,0,0,8,763,23.740000000000002,49.53333333333333,5.6466666666666665,0.0
2017-09-11 12:08:00,0,0,498,1,0,5,504,23.76,49.46666666666667,5.653333333333333,0.0
2017-09-11 12:09:00,0,0,778,0,1,7,786,23.78,49.4,5.66,0.0
2017-09-11 12:10:00,1,0,534,0,3,0,538,23.8,49.333333333333336,5.666666666666666,0.0
2017-09-11 12:11:00,0,0,749,0,1,3,753,23.82,49.266666666666666,5.673333333333333,0.0
2017-09-11 12:12:00,5,0,454,0,2,8,469,23.84,49.2,5.68,0.0
2017-09-11 12:13:00,0,0,598,0,0,0,598,23.860000000000003,49.13333333333333,5.6866666666666665,0.0
2017-09-11 12:14:00,5,0,514,1,0,9,529,23.880000000000003,49.06666666666667,5.693333333333333,0.0
2017-09-11 12:15:00,3,0,1051,0,10,0,1064,23.900000000000002,49.0,5.699999999999999,0.0
2017-09-11 12:16:00,1,0,707,0,1,4,713,23.92,48.93333333333333,5.706666666666666,0.0
2017-09-11 12:17:00,2,0,556,0,0,2,560,23.94,48.86666666666667,5.713333333333333,0.0
2017-09-11 12:18:00,1,0,568,5,3,20,597,23.96,48.8,5.72,0.0
2017-09-11 12:19:00,1,0,503,0,1,10,515,23.98,48.733333333333334,5.726666666666667,0.0
2017-09-11 12:20:00,2,0,806,0,0,2,810,24.0,48.666666666666664,5.733333333333333,0.0
2017-09-11 12:21:00,17,0,530,0,0,1,548,24.02,48.6,5.74,0.0
2017-09-11 12:22:00,2,0,892,0,3,5,902,24.040000000000003,48.53333333333333,5.746666666666666,0.0
2017-09-11 12:23:00,0,0,758,0,4,6,768,24.060000000000002,48.46666666666667,5.753333333333333,0.0
2017-09-11 12:24:00,2,0,675,0,5,0,682,24.080000000000002,48.4,5.76,0.0
2017-09-11 12:25:00,0,0,919,0,1,3,923,24.1,48.333333333333336,5.766666666666667,0.0
2017-09-11 12:26:00,16,0,472,0,4,4,496,24.12,48.266666666666666,5.773333333333333,0.0
2017-09-11 12:27:00,0,0,802,0,1,5,808,24.14,48.2,5.779999999999999,0.0
2017-09-11 12:28:00,4,0,797,12,1,1,815,24.16,48.13333333333333,5.786666666666666,0.0
2017-09-11 12:29:00,0,0,797,1,0,2,800,24.18,48.06666666666667,5.793333333333333,0.0
2017-09-11 12:30:00,5,0,635,2,11,19,672,24.200000000000003,48.0,5.8,0.0
2017-09-11 12:31:00,2,0,846,0,1,7,856,24.220000000000002,47.93333333333334,5.806666666666667,0.0
2017-09-11 12:32:00,7,0,681,0,2,3,693,24.240000000000002,47.86666666666667,5.8133333333333335,0.0
2017-09-11 12:33:00,9,0,653,1,1,0,664,24.26,47.8,5.82,0.0
2017-09-11 12:34:00,12,0,571,0,5,7,595,24.28,47.733333333333334,5.826666666666666,0.0
2017-09-11 12:35:00,52,0,630,0,2,8,692,24.3,47.666666666666664,5.833333333333333,0.0
2017-09-11 12:36:00,27,0,786,1,8,13,835,24.32,47.6,5.84,0.0
2017-09-11 12:37:00,3,0,491,0,2,5,501,24.34,47.53333333333333,5.846666666666667,0.0
2017-09-11 12:38:00,1,0,683,0,1,0,685,24.36,47.46666666666667,5.8533333333333335,0.0
2017-09-11 12:39:00,0,0,415,0,0,1,416,24.380000000000003,47.4,5.859999999999999,0.0
2017-09-11 12:40:00,1,0,589,0,2,0,592,24.400000000000002,47.333333333333336,5.866666666666666,0.0
2017-09-11 12:41:00,16,0,505,0,0,5,526,24.42,47.266666666666666,5.873333333333333,0.0
2017-09-11 12:42:00,1,0,910,0,2,0,913,24.44,47.2,5.88,0.0
2017-09-11 12:43:00,0,0,922,0,6,1,929,24.46,47.13333333333333,5.886666666666667,0.0
2017-09-11 12:44:00,7,0,799,0,11,2,819,24.48,47.06666666666667,5.8933333333333335,0.0
2017-09-11 12:45:00,4,0,973,0,12,8,997,24.5,47.0,5.9,0.0
2017-09-11 12:46:00,4,0,553,0,2,2,561,24.52,46.93333333333334,5.906666666666666,0.0
2017-09-11 12:47:00,0,0,560,0,3,22,585,24.54,46.86666666666667,5.913333333333333,0.0
2017-09-11 12:48:00,0,0,928,0,2,6,936,24.560000000000002,46.8,5.92,0.0
2017-09-11 12:49:00,2,0,553,0,4,2,561,24.580000000000002,46.733333333333334,5.926666666666667,0.0
2017-09-11 12:50:00,1,0,799,0,0,19,819,24.6,46.666666666666664,5.933333333333334,0.0
2017-09-11 12:51:00,3,0,493,0,0,2,498,24.62,46.6,5.9399999999999995,0.0
2017-09-11 12:52:00,0,0,937,0,5,8,950,24.64,46.53333333333333,5.946666666666666,0.0
2017-09-11 12:53:00,21,0,547,0,5,8,581,24.66,46.46666666666667,5.953333333333333,0.0
2017-09-11 12:54:00,0,0,855,0,3,5,863,24.68,46.4,5.96,0.0
2017-09-11 12:55:00,21,0,524,0,0,1,546,24.7,46.333333333333336,5.966666666666667,0.0
2017-09-11 12:56:00,16,0,370,0,0,1,387,24.72,46.266666666666666,5.973333333333334,0.0
2017-09-11 12:57:00,9,0,665,0,5,4,683,24.740000000000002,46.2,5.98,0.0
2017-09-11 12:58:00,3,0,504,0,0,0,507,24.76,46.13333333333333,5.986666666666666,0.0
2017-09-11 12:59:00,0,0,653,0,2,0,655,24.78,46.06666666666667,5.993333333333333,0.0
2017-09-11 13:00:00,23,0,636,0,0,3,662,24.8,46.0,6.0,0.0
2017-09-11 13:01:00,0,0,968,0,4,2,974,24.811666666666667,45.96666666666667,6.015,0.0
2017-09-11 13:02:00,9,0,593,0,8,3,613,24.823333333333334,45.93333333333333,6.03,0.0
2017-09-11 13:03:00,1,0,788,0,2,2,793,24.835,45.9,6.045,0.0
2017-09-11 13:04:00,12,0,767,0,7,0,786,24.846666666666668,45.86666666666667,6.06,0.0
2017-09-11 13:05:00,12,0,600,0,2,1,615,24.858333333333334,45.833333333333336,6.075,0.0
2017-09-11 13:06:00,0,0,684,0,2,4,690,24.87,45.8,6.09,0.0
2017-09-11 13:07:00,4,0,582,0,5,1,592,24.881666666666668,45.766666666666666,6.105,0.0
2017-09-11 13:08:00,0,0,642,0,4,2,648,24.893333333333334,45.733333333333334,6.12,0.0
2017-09-11 13:09:00,15,0,598,0,1,7,621,24.905,45.7,6.135,0.0
2017-09-11 13:10:00,0,0,708,0,0,0,708,24.916666666666668,45.666666666666664,6.15,0.0
2017-09-11 13:11:00,13,0,537,0,3,6,559,24.928333333333335,45.63333333333333,6.165,0.0
2017-09-11 13:12:00,43,0,514,0,4,0,561,24.94,45.6,6.18,0.0
2017-09-11 13:13:00,21,0,426,1,7,5,460,24.951666666666668,45.56666666666667,6.195,0.0
2017-09-11 13:14:00,3,0,761,0,0,1,765,24.963333333333335,45.53333333333333,6.21,0.0
2017-09-11 13:15:00,1,0,720,0,8,0,729,24.975,45.5,6.225,0.0
2017-09-11 13:16:00,44,0,506,0,4,3,557,24.986666666666668,45.46666666666667,6.24,0.0
2017-09-11 13:17:00,32,0,682,0,0,2,716,24.998333333333335,45.43333333333333,6.255,0.0
2017-09-11 13:18:00,19,0,484,0,7,0,510,25.01,45.4,6.2700000000000005,0.0
2017-09-11 13:19:00,0,0,1135,0,1,3,1139,25.02166666666667,45.36666666666667,6.285,0.0
2017-09-11 13:20:00,11,0,638,0,2,0,651,25.033333333333335,45.333333333333336,6.3,0.0
2017-09-11 13:21:00,0,0,959,0,2,0,961,25.045,45.3,6.315,0.0
2017-09-11 13:22:00,24,0,675,0,4,8,711,25.05666666666667,45.266666666666666,6.33,0.0
2017-09-11 13:23:00,5,0,742,0,0,0,747,25.068333333333335,45.233333333333334,6.345,0.0
2017-09-11 13:24:00,0,0,624,0,2,0,626,25.080000000000002,45.2,6.36,0.0
2017-09-11 13:25:00,0,0,656,0,6,0,662,25.09166666666667,45.166666666666664,6.375,0.0
2017-09-11 13:26:00,1,0,809,0,0,0,810,25.103333333333335,45.13333333333333,6.390000000000001,0.0
2017-09-11 13:27:00,10,0,508,0,1,4,523,25.115000000000002,45.1,6.405,0.0
2017-09-11 13:28:00,0,0,725,0,0,5,730,25.12666666666667,45.06666666666667,6.42,0.0
2017-09-11 13:29:00,12,0,600,0,1,4,617,25.138333333333335,45.03333333333333,6.4350000000000005,0.0
2017-09-11 13:30:00,0,0,645,0,1,0,646,25.15,45.0,6.45,0.0
2017-09-11 13:31:00,1,0,678,0,2,4,685,25.161666666666665,44.96666666666667,6.465,0.0
2017-09-11 13:32:00,5,0,697,0,0,0,702,25.173333333333332,44.93333333333333,6.48,0.0
2017-09-11 13:33:00,4,0,553,0,5,1,563,25.185,44.9,6.495,0.0
2017-09-11 13:34:00,5,0,503,0,17,0,525,25.196666666666665,44.86666666666667,6.51,0.0
2017-09-11 13:35:00,0,0,542,0,10,1,553,25.208333333333332,44.833333333333336,6.525,0.0
2017-09-11 13:36:00,7,0,596,0,5,1,609,25.22,44.8,6.54,0.0
2017-09-11 13:37:00,0,0,941,0,6,2,949,25.231666666666666,44.766666666666666,6.555000000000001,0.0
2017-09-11 13:38:00,0,0,683,0,1,2,686,25.243333333333332,44.733333333333334,6.57,0.0
2017-09-11 13:39:00,2,0,837,0,3,0,842,25.255,44.7,6.585,0.0
2017-09-11 13:40:00,0,0,727,0,1,0,728,25.266666666666666,44.666666666666664,6.6000000000000005,0.0
2017-09-11 13:41:00,1,0,754,0,0,0,755,25.278333333333332,44.63333333333333,6.615,0.0
2017-09-11 13:42:00,6,0,906,0,2,0,914,25.29,44.6,6.63,0.0
2017-09-11 13:43:00,5,0,562,0,1,3,571,25.301666666666666,44.56666666666667,6.6450000000000005,0.0
2017-09-11 13:44:00,6,0,684,0,5,1,696,25.313333333333333,44.53333333333333,6.66,0.0
2017-09-11 13:45:00,2,0,400,0,11,2,415,25.325,44.5,6.675000000000001,0.0
2017-09-11 13:46:00,0,0,690,1,2,0,693,25.336666666666666,44.46666666666667,6.69,0.0
2017-09-11 13:47:00,0,0,520,0,1,0,521,25.348333333333333,44.43333333333333,6.705,0.0
2017-09-11 13:48:00,11,0,667,0,3,1,682,25.36,44.4,6.720000000000001,0.0
2017-09-11 13:49:00,4,0,617,0,1,8,630,25.371666666666666,44.36666666666667,6.735,0.0
2017-09-11 13:50:00,2,0,574,0,1,1,578,25.383333333333333,44.333333333333336,6.75,0.0
2017-09-11 13:51:00,0,0,861,0,1,4,866,25.395,44.3,6.765000000000001,0.0
2017-09-11 13:52:00,1,0,640,1,2,1,645,25.406666666666666,44.266666666666666,6.78,0.0
2017-09-11 13:53:00,8,0,653,0,2,0,663,25.418333333333333,44.233333333333334,6.795,0.0
2017-09-11 13:54:00,8,0,619,0,6,6,639,25.43,44.2,6.8100000000000005,0.0
2017-09-11 13:55:00,0,0,860,0,5,1,866,25.441666666666666,44.166666666666664,6.825,0.0
2017-09-11 13:56:00,0,0,694,0,3,1,698,25.453333333333333,44.13333333333333,6.84,0.0
2017-09-11 13:57:00,1,0,629,0,3,0,633,25.465,44.1,6.855,0.0
2017-09-11 13:58:00,26,0,501,0,12,7,546,25.476666666666667,44.06666666666667,6.87,0.0
2017-09-11 13:59:00,9,0,778,0,9,0,796,25.488333333333333,44.03333333333333,6.885000000000001,0.0
2017-09-11 14:00:00,0,0,857,0,7,0,864,25.5,44.0,6.9,0.0
2017-09-11 14:01:00,0,0,671,0,7,2,680,25.495,43.983333333333334,6.933333333333334,0.0
2017-09-11 14:02:00,0,0,23,0,0,0,23,25.49,43.96666666666667,6.966666666666667,0.0
2017-09-11 14:08:00,0,0,249,0,5,0,254,25.46,43.86666666666667,7.166666666666667,0.0
2017-09-11 14:09:00,8,0,563,0,2,3,576,25.455,43.85,7.2,0.0
2017-09-11 14:10:00,12,0,639,0,2,0,653,25.45,43.833333333333336,7.233333333333333,0.0
2017-09-11 14:11:00,0,0,599,0,7,0,606,25.445,43.81666666666667,7.266666666666667,0.0
2017-09-11 14:12:00,0,0,466,0,2,1,469,25.44,43.8,7.300000000000001,0.0
2017-09-11 14:13:00,0,0,404,0,3,0,407,25.435,43.78333333333333,7.333333333333334,0.0
2017-09-11 14:14:00,8,0,573,0,3,5,589,25.43,43.766666666666666,7.366666666666667,0.0
2017-09-11 14:15:00,0,0,776,0,15,3,794,25.425,43.75,7.4,0.0
2017-09-11 14:16:00,0,0,609,1,2,13,625,25.419999999999998,43.733333333333334,7.433333333333334,0.0
2017-09-11 14:17:00,0,0,705,0,6,2,713,25.415,43.71666666666667,7.466666666666667,0.0
2017-09-11 14:18:00,0,0,636,0,0,1,637,25.41,43.7,7.5,0.0
2017-09-11 14:19:00,1,0,611,0,6,7,625,25.405,43.68333333333333,7.533333333333333,0.0
2017-09-11 14:20:00,0,0,638,0,1,7,646,25.4,43.666666666666664,7.566666666666667,0.0
2017-09-11 14:21:00,3,0,457,0,5,2,467,25.395,43.65,7.6000000000000005,0.0
2017-09-11 14:22:00,0,0,464,0,0,0,464,25.39,43.63333333333333,7.633333333333334,0.0
2017-09-11 14:23:00,1,0,596,0,36,27,660,25.384999999999998,43.61666666666667,7.666666666666667,0.0
2017-09-11 14:24:00,0,0,650,0,6,42,698,25.38,43.6,7.7,0.0
2017-09-11 14:25:00,1,0,476,0,0,0,477,25.375,43.583333333333336,7.733333333333333,0.0
2017-09-11 14:26:00,0,0,578,2,1,0,581,25.37,43.56666666666667,7.7666666666666675,0.0
2017-09-11 14:27:00,2,0,308,0,0,7,317,25.365,43.55,7.800000000000001,0.0
2017-09-11 14:28:00,2,0,382,0,5,1,390,25.36,43.53333333333333,7.833333333333334,0.0
2017-09-11 14:29:00,0,0,605,0,0,3,608,25.355,43.516666666666666,7.866666666666667,0.0
2017-09-11 14:30:00,0,0,531,0,5,0,536,25.35,43.5,7.9,0.0
2017-09-11 14:31:00,0,0,690,0,1,2,693,25.345,43.483333333333334,7.933333333333334,0.0
2017-09-11 14:32:00,0,0,417,1,12,11,441,25.34,43.46666666666667,7.966666666666667,0.0
2017-09-11 14:33:00,0,0,650,1,0,1,652,25.335,43.45,8.0,0.0
2017-09-11 14:34:00,0,0,275,0,3,4,282,25.33,43.43333333333333,8.033333333333333,0.0
2017-09-11 14:35:00,1,0,512,1,1,1,516,25.325,43.416666666666664,8.066666666666666,0.0
2017-09-11 14:36:00,1,0,401,0,2,0,404,25.32,43.4,8.1,0.0
2017-09-11 14:37:00,1,0,375,0,1,0,377,25.315,43.38333333333333,8.133333333333333,0.0
2017-09-11 14:38:00,3,0,601,0,0,0,604,25.31,43.36666666666667,8.166666666666668,0.0
2017-09-11 14:39:00,3,0,510,0,1,0,514,25.305,43.35,8.200000000000001,0.0
2017-09-11 14:40:00,0,0,398,0,3,4,405,25.3,43.333333333333336,8.233333333333334,0.0
2017-09-11 14:41:00,2,0,302,0,0,4,308,25.294999999999998,43.31666666666667,8.266666666666667,0.0
2017-09-11 14:42:00,0,0,437,0,2,6,445,25.29,43.3,8.3,0.0
2017-09-11 14:43:00,9,0,560,0,2,1,572,25.285,43.28333333333333,8.333333333333334,0.0
2017-09-11 14:44:00,2,0,682,0,4,0,688,25.28,43.266666666666666,8.366666666666667,0.0
2017-09-11 14:45:00,0,0,430,0,0,6,436,25.275,43.25,8.4,0.0
2017-09-11 14:46:00,2,0,323,0,3,1,329,25.27,43.233333333333334,8.433333333333334,0.0
2017-09-11 14:47:00,2,0,537,1,7,7,554,25.265,43.21666666666667,8.466666666666667,0.0
2017-09-11 14:48:00,6,0,478,0,2,1,487,25.259999999999998,43.2,8.5,0.0
2017-09-11 14:49:00,3,0,554,0,0,0,557,25.255,43.18333333333333,8.533333333333333,0.0
2017-09-11 14:50:00,0,0,323,0,0,4,327,25.25,43.166666666666664,8.566666666666666,0.0
2017-09-11 14:51:00,0,0,327,0,5,1,333,25.245,43.15,8.6,0.0
2017-09-11 14:52:00,5,0,317,1,7,6,336,25.24,43.13333333333333,8.633333333333333,0.0
2017-09-11 14:53:00,9,0,506,0,4,0,519,25.235,43.11666666666667,8.666666666666668,0.0
2017-09-11 14:54:00,0,0,323,0,1,1,325,25.23,43.1,8.700000000000001,0.0
2017-09-11 14:55:00,0,0,420,0,1,1,422,25.224999999999998,43.083333333333336,8.733333333333334,0.0
2017-09-11 14:56:00,0,0,637,0,7,1,645,25.22,43.06666666666667,8.766666666666667,0.0
2017-09-11 14:57:00,0,0,409,1,0,0,410,25.215,43.05,8.8,0.0
2017-09-11 14:58:00,0,0,487,0,1,3,491,25.21,43.03333333333333,8.833333333333334,0.0
2017-09-11 14:59:00,2,0,680,1,0,4,687,25.205,43.016666666666666,8.866666666666667,0.0
2017-09-11 15:00:00,0,0,594,4,0,0,598,25.2,43.0,8.9,0.0
2017-09-11 15:01:00,0,0,741,0,5,1,747,25.189999999999998,43.06666666666667,8.870000000000001,0.0
2017-09-11 15:02:00,0,0,557,0,8,1,566,25.18,43.13333333333333,8.84,0.0
2017-09-11 15:03:00,0,0,388,0,8,2,398,25.169999999999998,43.2,8.81,0.0
2017-09-11 15:04:00,1,0,546,1,3,1,552,25.16,43.266666666666666,8.780000000000001,0.0
2017-09-11 15:05:00,1,0,610,4,5,0,620,25.15,43.333333333333336,8.75,0.0
2017-09-11 15:06:00,0,0,549,0,5,0,554,25.14,43.4,8.72,0.0
2017-09-11 15:07:00,0,0,629,2,1,0,632,25.13,43.46666666666667,8.69,0.0
2017-09-11 15:08:00,0,0,379,0,0,2,381,25.12,43.53333333333333,8.66,0.0
2017-09-11 15:09:00,1,0,559,0,0,0,560,25.11,43.6,8.63,0.0
2017-09-11 15:10:00,0,0,491,1,2,1,495,25.1,43.666666666666664,8.6,0.0
2017-09-11 15:11:00,0,0,558,0,10,1,569,25.09,43.733333333333334,8.57,0.0
2017-09-11 15:12:00,0,0,709,0,5,1,715,25.08,43.8,8.540000000000001,0.0
2017-09-11 15:13:00,0,0,477,0,0,0,477,25.07,43.86666666666667,8.51,0.0
2017-09-11 15:14:00,0,0,441,0,2,0,443,25.06,43.93333333333333,8.48,0.0
2017-09-11 15:15:00,0,0,315,0,0,1,316,25.05,44.0,8.45,0.0
2017-09-11 15:16:00,0,0,993,0,2,2,997,25.04,44.06666666666667,8.42,0.0
2017-09-11 15:17:00,0,0,386,0,2,1,389,25.03,44.13333333333333,8.39,0.0
2017-09-11 15:18:00,0,0,420,0,4,0,424,25.02,44.2,8.36,0.0
2017-09-11 15:19:00,0,0,538,0,1,0,539,25.01,44.266666666666666,8.33,0.0
2017-09-11 15:20:00,0,0,303,0,2,0,305,25.0,44.333333333333336,8.3,0.0
2017-09-11 15:21:00,0,0,376,1,1,0,378,24.99,44.4,8.27,0.0
2017-09-11 15:22:00,0,0,513,0,4,0,517,24.98,44.46666666666667,8.24,0.0
2017-09-11 15:23:00,0,0,617,0,0,0,617,24.97,44.53333333333333,8.21,0.0
2017-09-11 15:24:00,0,0,570,0,0,0,570,24.96,44.6,8.18,0.0
2017-09-11 15:25:00,0,0,515,0,1,0,516,24.95,44.666666666666664,8.15,0.0
2017-09-11 15:26:00,0,0,511,0,3,0,514,24.94,44.733333333333334,8.12,0.0
2017-09-11 15:27:00,0,0,518,0,5,1,524,24.93,44.8,8.09,0.0
2017-09-11 15:28:00,0,0,422,0,4,0,426,24.92,44.86666666666667,8.06,0.0
2017-09-11 15:29:00,3,0,404,0,1,0,408,24.91,44.93333333333333,8.03,0.0
2017-09-11 15:30:00,0,0,403,1,1,0,405,24.9,45.0,8.0,0.0
2017-09-11 15:31:00,1,0,375,1,4,6,387,24.89,45.06666666666666,7.97,0.0
2017-09-11 15:32:00,0,0,261,2,0,0,263,24.88,45.13333333333333,7.9399999999999995,0.0
2017-09-11 15:33:00,1,0,356,0,1,2,360,24.87,45.2,7.91,0.0
2017-09-11 15:34:00,1,0,521,0,4,0,526,24.86,45.266666666666666,7.88,0.0
2017-09-11 15:35:00,0,0,503,0,1,2,506,24.85,45.333333333333336,7.85,0.0
2017-09-11 15:36:00,0,0,545,0,5,1,551,24.84,45.4,7.82,0.0
2017-09-11 15:37:00,0,0,585,0,11,1,597,24.830000000000002,45.46666666666667,7.79,0.0
2017-09-11 15:38:00,0,0,469,0,2,0,471,24.82,45.53333333333333,7.76,0.0
2017-09-11 15:39:00,0,0,282,0,13,6,301,24.810000000000002,45.6,7.7299999999999995,0.0
2017-09-11 15:40:00,0,0,283,1,21,2,307,24.8,45.666666666666664,7.699999999999999,0.0
2017-09-11 15:41:00,0,0,402,0,3,1,406,24.79,45.733333333333334,7.67,0.0
2017-09-11 15:42:00,1,0,449,0,9,0,459,24.78,45.8,7.64,0.0
2017-09-11 15:43:00,1,0,456,1,2,1,461,24.77,45.86666666666667,7.609999999999999,0.0
2017-09-11 15:44:00,0,0,464,0,1,0,465,24.76,45.93333333333333,7.58,0.0
2017-09-11 15:45:00,0,0,475,0,2,1,478,24.75,46.0,7.55,0.0
2017-09-11 15:46:00,0,0,426,0,3,1,430,24.740000000000002,46.06666666666666,7.52,0.0
2017-09-11 15:47:00,1,0,634,0,6,0,641,24.73,46.13333333333333,7.49,0.0
2017-09-11 15:48:00,0,0,524,0,4,0,528,24.720000000000002,46.2,7.46,0.0
2017-09-11 15:49:00,0,0,678,0,8,0,686,24.71,46.266666666666666,7.43,0.0
2017-09-11 15:50:00,0,0,519,0,1,1,521,24.700000000000003,46.333333333333336,7.3999999999999995,0.0
2017-09-11 15:51:00,0,0,512,1,10,2,525,24.69,46.4,7.369999999999999,0.0
2017-09-11 15:52:00,0,0,646,0,8,0,654,24.68,46.46666666666667,7.34,0.0
2017-09-11 15:53:00,4,0,521,0,13,1,539,24.67,46.53333333333333,7.31,0.0
2017-09-11 15:54:00,4,0,525,1,2,4,536,24.66,46.6,7.279999999999999,0.0
2017-09-11 15:55:00,0,0,426,0,1,0,427,24.650000000000002,46.666666666666664,7.25,0.0
2017-09-11 15:56:00,4,0,548,0,4,2,558,24.64,46.733333333333334,7.22,0.0
2017-09-11 15:57:00,0,0,603,1,1,0,605,24.630000000000003,46.8,7.1899999999999995,0.0
2017-09-11 15:58:00,3,0,544,0,2,0,549,24.62,46.86666666666667,7.16,0.0
2017-09-11 15:59:00,0,0,407,0,0,0,407,24.610000000000003,46.93333333333333,7.13,0.0
2017-09-11 16:00:00,2,0,465,0,0,2,469,24.6,47.0,7.1,0.0
2017-09-11 16:01:00,1,0,420,1,4,1,427,24.58666666666667,47.05,7.0616666666666665,0.0
2017-09-11 16:02:00,4,0,403,0,0,0,407,24.573333333333334,47.1,7.023333333333333,0.0
2017-09-11 16:03:00,2,0,527,0,3,1,533,24.560000000000002,47.15,6.984999999999999,0.0
2017-09-11 16:04:00,1,0,389,0,16,0,406,24.546666666666667,47.2,6.946666666666666,0.0
2017-09-11 16:05:00,3,0,652,0,13,3,671,24.533333333333335,47.25,6.908333333333333,0.0
2017-09-11 16:06:00,10,0,527,0,0,0,537,24.520000000000003,47.3,6.869999999999999,0.0
2017-09-11 16:07:00,1,0,329,0,0,0,330,24.506666666666668,47.35,6.831666666666666,0.0
2017-09-11 16:08:00,0,0,516,0,10,5,531,24.493333333333336,47.4,6.793333333333333,0.0
2017-09-11 16:09:00,0,0,432,0,5,0,437,24.48,47.45,6.755,0.0
2017-09-11 16:10:00,0,0,409,0,0,0,409,24.46666666666667,47.5,6.716666666666667,0.0
2017-09-11 16:11:00,3,0,190,0,8,0,201,24.453333333333333,47.55,6.678333333333333,0.0
2017-09-11 16:12:00,1,0,179,0,2,0,182,24.44,47.6,6.64,0.0
2017-09-11 16:13:00,0,0,269,1,16,0,286,24.42666666666667,47.65,6.601666666666667,0.0
2017-09-11 16:14:00,1,0,433,0,24,4,462,24.413333333333334,47.7,6.563333333333333,0.0
2017-09-11 16:15:00,0,0,532,0,10,0,542,24.400000000000002,47.75,6.5249999999999995,0.0
2017-09-11 16:16:00,0,0,444,0,6,0,450,24.386666666666667,47.8,6.486666666666666,0.0
2017-09-11 16:17:00,6,0,568,0,2,0,576,24.373333333333335,47.85,6.448333333333333,0.0
2017-09-11 16:18:00,1,0,625,0,1,1,628,24.36,47.9,6.41,0.0
2017-09-11 16:19:00,3,0,510,0,3,0,516,24.346666666666668,47.95,6.371666666666666,0.0
2017-09-11 16:20:00,0,0,475,0,0,2,477,24.333333333333336,48.0,6.333333333333333,0.0
2017-09-11 16:21:00,0,0,345,0,0,0,345,24.32,48.05,6.295,0.0
2017-09-11 16:22:00,0,0,444,0,3,0,447,24.30666666666667,48.1,6.256666666666666,0.0
2017-09-11 16:23:00,0,0,406,0,1,0,407,24.293333333333333,48.15,6.218333333333333,0.0
2017-09-11 16:24:00,3,0,480,0,5,0,488,24.28,48.2,6.18,0.0
2017-09-11 16:25:00,0,0,306,0,5,1,312,24.26666666666667,48.25,6.141666666666667,0.0
2017-09-11 16:26:00,2,0,536,0,9,0,547,24.253333333333334,48.3,6.1033333333333335,0.0
2017-09-11 16:27:00,0,0,626,0,3,1,630,24.240000000000002,48.35,6.0649999999999995,0.0
2017-09-11 16:28:00,0,0,446,0,3,1,450,24.226666666666667,48.4,6.026666666666666,0.0
2017-09-11 16:29:00,2,0,481,0,7,0,490,24.213333333333335,48.45,5.988333333333333,0.0
2017-09-11 16:30:00,4,0,462,0,0,0,466,24.200000000000003,48.5,5.949999999999999,0.0
2017-09-11 16:31:00,1,0,513,1,1,0,516,24.186666666666667,48.55,5.911666666666666,0.0
2017-09-11 16:32:00,0,0,646,1,1,0,648,24.173333333333336,48.6,5.873333333333333,0.0
2017-09-11 16:33:00,0,0,375,0,0,3,378,24.16,48.65,5.835,0.0
2017-09-11 16:34:00,0,0,423,4,5,0,432,24.14666666666667,48.7,5.796666666666667,0.0
2017-09-11 16:35:00,0,0,367,2,1,5,375,24.133333333333333,48.75,5.758333333333333,0.0
2017-09-11 16:36:00,0,0,332,1,2,0,335,24.12,48.8,5.72,0.0
2017-09-11 16:37:00,0,0,472,0,0,0,472,24.10666666666667,48.85,5.681666666666667,0.0
2017-09-11 16:38:00,0,0,522,0,2,0,524,24.093333333333334,48.9,5.643333333333333,0.0
2017-09-11 16:39:00,0,0,755,0,5,0,760,24.080000000000002,48.95,5.6049999999999995,0.0
2017-09-11 16:40:00,1,0,553,0,9,0,563,24.066666666666666,49.0,5.566666666666666,0.0
2017-09-11 16:41:00,1,0,283,0,3,1,288,24.053333333333335,49.05,5.528333333333333,0.0
2017-09-11 16:42:00,0,0,401,0,6,3,410,24.04,49.1,5.49,0.0
2017-09-11 16:43:00,1,0,439,0,9,0,449,24.026666666666667,49.15,5.451666666666666,0.0
2017-09-11 16:44:00,0,0,412,1,12,0,425,24.013333333333335,49.2,5.413333333333333,0.0
2017-09-11 16:45:00,0,0,418,1,0,1,420,24.0,49.25,5.375,0.0
2017-09-11 16:46:00,0,0,227,0,12,0,239,23.986666666666668,49.3,5.336666666666666,0.0
2017-09-11 16:47:00,0,0,385,0,14,1,400,23.973333333333333,49.35,5.298333333333333,0.0
2017-09-11 16:48:00,0,0,443,0,10,0,453,23.96,49.4,5.26,0.0
2017-09-11 16:49:00,0,0,349,1,8,0,358,23.94666666666667,49.45,5.221666666666667,0.0
2017-09-11 16:50:00,0,0,564,0,0,0,564,23.933333333333334,49.5,5.183333333333334,0.0
2017-09-11 16:51:00,3,0,649,0,18,7,677,23.92,49.55,5.145,0.0
2017-09-11 16:52:00,0,0,753,0,9,1,763,23.906666666666666,49.6,5.1066666666666665,0.0
2017-09-11 16:53:00,0,0,642,0,4,0,646,23.893333333333334,49.65,5.068333333333333,0.0
2017-09-11 16:54:00,0,0,522,0,0,0,522,23.880000000000003,49.7,5.029999999999999,0.0
2017-09-11 16:55:00,0,0,635,0,8,0,643,23.866666666666667,49.75,4.991666666666666,0.0
2017-09-11 16:56:00,0,0,487,0,14,0,501,23.853333333333335,49.8,4.953333333333333,0.0
2017-09-11 16:57:00,0,0,633,3,4,0,640,23.84,49.85,4.915,0.0
2017-09-11 16:58:00,4,0,421,0,2,0,427,23.826666666666668,49.9,4.876666666666667,0.0
2017-09-11 16:59:00,0,0,503,0,5,0,508,23.813333333333333,49.95,4.838333333333333,0.0
2017-09-11 17:00:00,1,0,426,2,0,0,429,23.8,50.0,4.8,0.0
2017-09-11 17:01:00,1,0,466,0,7,0,474,23.740000000000002,50.266666666666666,4.835,0.0
2017-09-11 17:02:00,0,0,474,0,0,0,474,23.68,50.53333333333333,4.87,0.0
2017-09-11 17:03:00,3,0,571,0,0,4,578,23.62,50.8,4.905,0.0
2017-09-11 17:04:00,0,0,614,0,0,0,614,23.560000000000002,51.06666666666667,4.9399999999999995,0.0
2017-09-11 17:05:00,0,0,404,0,35,1,440,23.5,51.333333333333336,4.975,0.0
2017-09-11 17:06:00,1,0,439,0,44,1,485,23.44,51.6,5.01,0.0
2017-09-11 17:07:00,0,0,432,0,4,0,436,23.38,51.86666666666667,5.045,0.0
2017-09-11 17:08:00,1,0,382,0,11,1,395,23.32,52.13333333333333,5.08,0.0
