timestamp,frame,fps,person,car,bus,truck,motorcycle,bicycle,emergency_vehicle,audio_siren_detected,total_vehicle_count
2025-12-02 05:37:06,1,2.4,0,0,0,0,0,0,0,False,0
2025-12-02 05:37:06,2,5.4,0,0,0,0,0,0,0,False,0
2025-12-02 05:37:06,3,5.97,0,0,0,0,0,0,0,False,0
2025-12-02 05:37:06,4,5.57,1,0,0,0,0,0,0,False,1
2025-12-02 05:37:06,5,5.44,0,0,0,0,0,0,0,False,0
2025-12-02 05:37:07,6,6.28,0,0,0,0,0,0,0,False,0
2025-12-02 05:37:07,7,5.52,0,0,0,0,0,0,0,False,0
2025-12-02 05:37:07,8,5.35,0,0,0,0,0,0,0,False,0
2025-12-02 05:37:07,9,4.52,0,0,0,0,0,0,0,False,0
2025-12-02 05:37:07,10,5.0,0,0,0,0,0,0,0,False,0
2025-12-02 05:37:08,11,5.57,0,0,0,0,0,0,0,False,0
2025-12-02 05:37:08,12,5.5,0,0,0,0,0,0,0,False,0
2025-12-02 05:37:08,13,2.92,0,0,0,0,0,0,0,False,0
2025-12-02 05:37:09,14,1.98,0,0,0,0,0,0,0,False,0
2025-12-02 05:37:09,15,4.82,0,0,0,0,0,0,1,False,1
2025-12-02 05:37:09,16,4.63,0,0,0,1,0,0,0,False,1
2025-12-02 05:37:09,17,4.28,0,0,0,0,0,0,0,False,0
2025-12-02 05:37:10,18,5.34,0,0,0,1,0,0,0,False,1
2025-12-02 05:37:10,19,4.89,0,0,0,1,0,0,0,True,1
2025-12-02 05:37:10,20,4.84,0,0,0,1,0,0,0,True,1
2025-12-02 05:37:10,21,4.88,0,0,0,1,0,0,0,True,1
2025-12-02 05:37:10,22,6.75,0,0,0,1,0,0,0,True,1
2025-12-02 05:37:10,23,6.77,0,0,0,1,0,0,0,True,1
2025-12-02 05:37:11,24,6.86,0,0,0,1,0,0,0,True,1
2025-12-02 05:37:11,25,7.32,0,0,0,1,0,0,0,True,1
2025-12-02 05:37:11,26,7.14,0,0,0,1,0,0,0,True,1
2025-12-02 05:37:11,27,7.48,0,0,0,1,0,0,0,True,1
2025-12-02 05:37:11,28,6.89,0,0,0,0,0,0,0,True,0
2025-12-02 05:37:11,29,6.95,0,0,0,0,0,0,0,True,0
2025-12-02 05:37:12,30,6.08,0,0,0,0,0,0,0,True,0
2025-12-02 05:37:12,31,7.02,0,0,0,0,0,0,0,True,0
2025-12-02 05:37:12,32,6.97,0,0,0,1,0,0,0,True,1
2025-12-02 05:37:12,33,7.46,0,0,0,0,0,0,0,True,0
2025-12-02 05:37:12,34,6.89,0,0,0,0,0,0,0,True,0
2025-12-02 05:37:12,35,7.26,0,0,0,0,0,0,0,True,0
2025-12-02 05:37:12,36,6.87,0,0,0,0,0,0,0,True,0
2025-12-02 05:37:13,37,6.79,0,0,0,1,0,0,0,True,1
2025-12-02 05:37:13,38,6.93,0,0,0,0,0,0,0,True,0
2025-12-02 05:37:13,39,6.04,1,0,0,0,0,0,0,True,1
2025-12-02 05:37:13,40,6.08,0,0,0,0,0,0,0,True,0
2025-12-02 05:37:13,41,6.82,1,0,0,1,0,0,0,True,2
2025-12-02 05:37:13,42,7.51,0,0,0,1,0,0,0,True,1
2025-12-02 05:37:14,43,7.37,0,0,0,1,0,0,0,True,1
2025-12-02 05:37:14,44,6.89,0,0,0,0,0,0,0,True,0
2025-12-02 05:37:14,45,6.9,0,0,0,1,0,0,0,True,1
2025-12-02 05:37:14,46,5.67,1,0,0,1,0,0,0,True,2
2025-12-02 05:37:14,47,4.67,0,0,0,0,0,0,0,True,0
2025-12-02 05:37:14,48,6.05,1,0,0,0,0,0,0,True,1
2025-12-02 05:37:15,49,6.79,0,0,0,0,0,0,0,True,0
2025-12-02 05:37:15,50,5.08,0,0,0,1,0,0,0,True,1
2025-12-02 05:37:15,51,5.22,0,0,0,0,0,0,0,True,0
2025-12-02 05:37:15,52,5.98,0,0,0,0,0,0,0,True,0
2025-12-02 05:37:15,53,7.58,0,0,0,0,0,0,0,True,0
2025-12-02 05:37:16,54,6.87,0,0,0,1,0,0,0,True,1
2025-12-02 05:37:16,55,6.77,0,1,0,0,0,0,0,True,1
2025-12-02 05:37:16,56,6.89,0,1,0,0,0,0,1,True,2
2025-12-02 05:37:16,57,7.26,0,1,0,0,0,0,0,True,1
2025-12-02 05:37:16,58,6.32,1,0,0,0,0,0,0,True,1
2025-12-02 05:37:16,59,5.43,1,0,0,0,0,0,0,True,1
2025-12-02 05:37:16,60,7.34,0,0,0,0,0,0,0,True,0
2025-12-02 05:37:17,61,7.01,0,1,0,0,0,0,1,True,2
2025-12-02 05:37:17,62,6.68,1,0,0,0,0,0,0,True,1
2025-12-02 05:37:17,63,6.76,0,0,0,0,0,0,0,True,0
2025-12-02 05:37:17,64,7.26,0,0,0,0,0,0,1,True,1
2025-12-02 05:37:17,65,6.9,0,0,0,0,0,0,0,True,0
2025-12-02 05:37:17,66,7.36,0,6,0,0,0,0,0,True,6
2025-12-02 05:37:18,67,7.19,0,8,0,2,0,0,0,True,10
2025-12-02 05:37:18,68,7.84,0,5,0,0,0,0,0,True,5
2025-12-02 05:37:18,69,6.64,0,3,0,0,0,0,0,True,3
2025-12-02 05:37:18,70,6.57,0,5,0,2,0,0,0,True,7
2025-12-02 05:37:18,71,6.76,0,4,0,0,0,0,0,True,4
2025-12-02 05:37:18,72,6.75,0,2,0,1,0,0,0,True,3
2025-12-02 05:37:19,73,6.66,0,5,0,2,0,0,0,True,7
2025-12-02 05:37:19,74,5.46,0,5,0,2,0,0,0,True,7
2025-12-02 05:37:19,75,6.04,0,7,0,2,0,0,0,True,9
2025-12-02 05:37:19,76,7.31,0,5,0,2,0,0,0,True,7
2025-12-02 05:37:19,77,6.82,0,3,0,2,0,0,0,True,5
2025-12-02 05:37:19,78,6.81,0,4,0,1,0,0,0,True,5
2025-12-02 05:37:20,79,5.33,0,3,0,3,0,0,0,True,6
2025-12-02 05:37:20,80,6.52,0,4,0,2,0,0,0,True,6
2025-12-02 05:37:20,81,7.18,0,5,0,2,0,0,0,True,7
2025-12-02 05:37:20,82,6.98,0,5,0,2,0,0,0,True,7
2025-12-02 05:37:20,83,6.78,0,7,0,2,0,0,0,True,9
2025-12-02 05:37:20,84,7.11,0,7,0,2,0,0,0,True,9
2025-12-02 05:37:21,85,7.52,0,7,0,1,0,0,0,True,8
2025-12-02 05:37:21,86,6.29,0,6,0,2,0,0,0,True,8
2025-12-02 05:37:21,87,6.67,0,2,0,2,0,0,1,True,5
2025-12-02 05:37:21,88,7.64,0,3,0,1,0,0,0,True,4
2025-12-02 05:37:21,89,7.6,0,2,2,2,0,0,0,True,6
2025-12-02 05:37:21,90,6.69,0,2,2,0,0,0,1,True,5
2025-12-02 05:37:21,91,6.71,0,0,2,1,0,0,1,True,4
2025-12-02 05:37:22,92,6.74,0,0,2,1,0,0,1,True,4
2025-12-02 05:37:22,93,6.82,0,0,1,1,0,0,1,True,3
2025-12-02 05:37:22,94,6.53,0,0,0,1,0,0,1,True,2
2025-12-02 05:37:22,95,6.56,0,0,0,1,0,0,1,True,2
2025-12-02 05:37:22,96,6.79,0,1,1,1,0,0,1,True,4
2025-12-02 05:37:22,97,7.41,0,0,0,1,0,0,1,True,2
2025-12-02 05:37:23,98,6.89,0,0,0,0,0,0,1,True,1
2025-12-02 05:37:23,99,6.36,1,0,0,0,0,0,1,True,2
2025-12-02 05:37:23,100,6.01,0,0,0,0,0,0,1,True,1
2025-12-02 05:37:23,101,6.35,0,0,0,0,0,0,1,True,1
2025-12-02 05:37:23,102,4.62,0,0,0,1,0,0,1,True,2
2025-12-02 05:37:24,103,4.85,0,0,0,1,0,0,1,True,2
2025-12-02 05:37:24,104,5.59,0,0,0,1,0,0,1,True,2
2025-12-02 05:37:24,105,6.93,0,0,0,1,0,0,1,True,2
2025-12-02 05:37:24,106,6.83,0,1,0,1,0,0,1,True,3
2025-12-02 05:37:24,107,7.41,0,1,0,1,0,0,1,True,3
2025-12-02 05:37:24,108,7.32,0,2,0,1,0,0,1,True,4
2025-12-02 05:37:25,109,7.25,0,3,0,1,0,0,1,True,5
2025-12-02 05:37:25,110,6.83,0,3,0,1,0,0,1,True,5
2025-12-02 05:37:25,111,6.29,0,2,0,1,0,0,0,True,3
2025-12-02 05:37:25,112,6.7,1,1,0,1,0,0,0,True,3
2025-12-02 05:37:25,113,7.7,3,3,0,1,0,0,0,True,7
2025-12-02 05:37:25,114,6.58,2,4,0,1,0,0,0,True,7
2025-12-02 05:37:25,115,7.11,1,5,0,1,0,0,1,True,8
2025-12-02 05:37:26,116,7.29,1,6,0,1,0,0,1,True,9
2025-12-02 05:37:26,117,6.68,1,7,0,1,0,0,0,True,9
2025-12-02 05:37:26,118,7.09,1,6,0,1,0,0,1,True,9
2025-12-02 05:37:26,119,5.7,1,7,0,1,0,0,0,True,9
2025-12-02 05:37:26,120,6.59,2,6,0,1,0,0,1,True,10
2025-12-02 05:37:26,121,7.41,0,5,0,1,0,0,1,True,7
2025-12-02 05:37:27,122,6.85,0,4,0,1,0,0,0,True,5
2025-12-02 05:37:27,123,7.22,1,5,0,1,0,0,1,True,8
2025-12-02 05:37:27,124,7.12,0,6,0,1,0,0,0,True,7
2025-12-02 05:37:27,125,6.4,1,5,0,1,0,0,0,True,7
2025-12-02 05:37:27,126,4.12,1,5,0,2,0,0,1,True,9
2025-12-02 05:37:28,127,4.83,0,0,0,0,0,0,0,True,0
2025-12-02 05:37:28,128,5.22,0,0,0,0,0,0,0,True,0
2025-12-02 05:37:28,129,5.66,0,0,0,0,0,0,0,True,0
2025-12-02 05:37:28,130,6.16,0,0,0,0,0,0,0,True,0
2025-12-02 05:37:28,131,6.68,0,0,0,0,0,0,0,True,0
2025-12-02 05:37:28,132,7.2,1,0,0,0,0,0,0,True,1
2025-12-02 05:37:29,133,6.79,0,0,0,0,0,0,0,True,0
2025-12-02 05:37:29,134,6.88,0,0,0,0,0,0,0,True,0
2025-12-02 05:37:29,135,6.97,0,0,0,0,0,0,0,True,0
2025-12-02 05:37:29,136,7.27,0,0,0,0,0,0,0,True,0
2025-12-02 05:37:29,137,7.38,0,0,0,0,0,0,0,True,0
2025-12-02 05:37:29,138,5.67,0,0,0,0,0,0,0,True,0
2025-12-02 05:37:30,139,6.74,0,1,0,0,0,0,0,True,1
2025-12-02 05:37:30,140,6.56,0,0,0,0,0,0,0,True,0
2025-12-02 05:37:30,141,6.82,0,0,0,0,0,0,0,True,0
2025-12-02 05:37:30,142,6.7,0,1,0,0,0,0,0,True,1
2025-12-02 05:37:30,143,7.34,0,0,0,0,0,0,0,True,0
2025-12-02 05:37:30,144,7.32,0,0,0,0,0,0,0,True,0
2025-12-02 05:37:30,145,7.17,0,0,0,0,0,0,0,True,0
2025-12-02 05:37:31,146,6.93,0,1,0,0,0,0,0,True,1
2025-12-02 05:37:31,147,6.91,0,0,0,0,0,0,0,True,0
2025-12-02 05:37:31,148,7.47,0,0,0,0,0,0,0,True,0
2025-12-02 05:37:31,149,6.97,0,0,0,0,0,0,0,True,0
2025-12-02 05:37:31,150,7.42,0,2,0,0,0,0,0,True,2
2025-12-02 05:37:31,151,6.92,0,0,0,0,0,0,0,True,0
2025-12-02 05:37:32,152,6.86,0,0,0,0,0,0,0,True,0
2025-12-02 05:37:32,153,7.37,0,0,0,0,0,0,0,True,0
2025-12-02 05:37:32,154,6.58,0,1,0,0,0,0,0,True,1
2025-12-02 05:37:32,155,4.96,0,1,0,0,0,0,0,True,1
2025-12-02 05:37:32,156,4.38,0,0,0,0,0,0,0,True,0
2025-12-02 05:37:33,157,5.57,0,1,0,0,0,0,0,True,1
2025-12-02 05:37:33,158,3.74,0,0,0,0,0,0,0,True,0
2025-12-02 05:37:33,159,5.3,0,0,0,0,0,0,0,True,0
2025-12-02 05:37:33,160,4.84,0,0,0,0,0,0,0,True,0
2025-12-02 05:37:33,161,5.19,0,0,0,0,0,0,0,True,0
2025-12-02 05:37:34,162,6.09,0,1,0,0,0,0,0,True,1
2025-12-02 05:37:34,163,7.17,0,1,0,0,0,0,0,True,1
2025-12-02 05:37:34,164,6.54,0,2,0,0,0,0,0,True,2
2025-12-02 05:37:34,165,7.45,0,2,0,0,0,0,0,True,2
2025-12-02 05:37:34,166,6.9,0,0,0,0,0,0,0,True,0
2025-12-02 05:37:34,167,6.73,0,0,0,0,0,0,0,True,0
2025-12-02 05:37:35,168,6.56,0,0,0,0,0,0,0,True,0
2025-12-02 05:37:35,169,6.66,0,0,0,0,0,0,0,True,0
2025-12-02 05:37:35,170,7.31,0,1,0,0,0,0,0,True,1
2025-12-02 05:37:35,171,6.55,0,1,0,0,0,0,0,True,1
2025-12-02 05:37:35,172,7.36,0,1,0,0,0,0,0,True,1
2025-12-02 05:37:35,173,4.63,0,0,0,0,0,0,0,True,0
2025-12-02 05:37:36,174,6.53,0,0,0,0,0,0,0,True,0
2025-12-02 05:37:36,175,6.58,0,0,0,0,0,0,0,True,0
2025-12-02 05:37:36,176,6.8,0,0,0,0,0,0,0,True,0
2025-12-02 05:37:36,177,5.5,0,1,0,0,0,0,0,True,1
2025-12-02 05:37:36,178,6.59,0,0,0,0,0,0,0,True,0
2025-12-02 05:37:36,179,6.52,0,0,0,0,0,0,0,True,0
2025-12-02 05:37:37,180,6.42,0,0,0,0,0,0,0,True,0
2025-12-02 05:37:37,181,6.82,0,0,0,0,0,0,0,True,0
2025-12-02 05:37:37,182,6.67,0,0,0,0,0,0,0,True,0
2025-12-02 05:37:37,183,6.57,0,0,0,0,0,0,0,True,0
2025-12-02 05:37:37,184,6.91,0,0,0,0,0,0,0,True,0
2025-12-02 05:37:37,185,4.93,0,0,0,0,0,0,0,True,0
2025-12-02 05:37:38,186,5.04,0,0,0,0,0,0,0,True,0
2025-12-02 05:37:38,187,5.37,0,0,0,0,0,0,0,True,0
2025-12-02 05:37:38,188,4.7,0,0,0,0,0,0,0,True,0
2025-12-02 05:37:38,189,4.5,0,0,0,0,0,0,0,True,0
2025-12-02 05:37:39,190,4.75,0,0,0,0,0,0,0,True,0
2025-12-02 05:37:39,191,5.92,0,0,0,0,0,0,0,True,0
2025-12-02 05:37:39,192,6.85,0,0,0,0,0,0,0,True,0
2025-12-02 05:37:39,193,6.86,0,0,0,0,0,0,0,True,0
2025-12-02 05:37:39,194,7.26,0,0,0,0,0,0,0,True,0
2025-12-02 05:37:39,195,5.74,0,0,0,0,0,0,0,True,0
2025-12-02 05:37:40,196,5.53,0,0,0,0,0,0,0,True,0
2025-12-02 05:37:40,197,4.67,0,0,0,0,0,0,0,True,0
2025-12-02 05:37:40,198,5.14,0,0,0,0,0,0,0,True,0
2025-12-02 05:37:40,199,4.68,0,0,0,0,0,0,0,True,0
2025-12-02 05:37:40,200,5.77,0,0,0,0,0,0,0,True,0
2025-12-02 05:37:41,201,5.17,0,0,0,0,0,0,0,True,0
2025-12-02 05:37:41,202,5.76,0,0,0,0,0,0,0,True,0
2025-12-02 05:37:41,203,6.36,0,0,0,0,0,0,0,True,0
2025-12-02 05:37:41,204,6.74,0,0,0,0,0,0,0,True,0
2025-12-02 05:37:41,205,6.74,0,0,0,0,0,0,0,True,0
2025-12-02 05:37:41,206,6.75,0,0,0,0,0,0,0,True,0
2025-12-02 05:37:42,207,6.55,0,0,0,0,0,0,0,True,0
2025-12-02 05:37:42,208,7.11,0,0,0,0,0,0,0,True,0
2025-12-02 05:37:42,209,6.74,0,0,0,0,0,0,0,True,0
2025-12-02 05:37:42,210,6.81,0,0,0,0,0,0,0,True,0
2025-12-02 05:37:42,211,6.94,0,0,0,0,0,0,0,True,0
2025-12-02 05:37:42,212,7.33,0,0,0,0,0,0,0,True,0
2025-12-02 05:37:43,213,5.91,0,0,0,0,0,0,0,True,0
2025-12-02 05:37:43,214,5.95,0,0,0,0,0,0,0,True,0
2025-12-02 05:37:43,215,4.92,0,0,0,0,0,0,0,True,0
2025-12-02 05:37:43,216,7.02,0,0,0,0,0,0,0,True,0
2025-12-02 05:37:43,217,7.35,0,0,0,0,0,0,0,True,0
2025-12-02 05:37:43,218,6.89,0,0,0,0,0,0,0,True,0
2025-12-02 05:37:44,219,6.35,0,0,0,0,0,0,0,True,0
2025-12-02 05:37:44,220,7.41,0,0,0,0,0,0,0,True,0
2025-12-02 05:37:44,221,6.62,0,0,0,0,0,0,0,True,0
2025-12-02 05:37:44,222,6.96,0,0,0,0,0,0,0,True,0
2025-12-02 05:37:44,223,7.36,0,0,0,0,0,0,0,True,0
2025-12-02 05:37:44,224,7.02,0,0,0,0,0,0,0,True,0
2025-12-02 05:37:44,225,6.96,0,0,0,0,0,0,0,True,0
2025-12-02 05:37:45,226,7.43,1,0,0,0,0,0,0,True,1
2025-12-02 05:37:45,227,7.61,0,0,0,0,0,0,0,True,0
2025-12-02 05:37:45,228,7.83,0,0,0,0,0,0,0,True,0
2025-12-02 05:37:45,229,6.54,0,0,0,0,0,0,0,True,0
2025-12-02 05:37:45,230,7.37,0,0,0,0,0,0,0,True,0
2025-12-02 05:37:45,231,6.99,0,0,0,0,0,0,0,True,0
2025-12-02 05:37:46,232,7.95,0,0,0,0,0,0,0,True,0
2025-12-02 05:37:46,233,7.15,0,0,0,0,0,0,0,True,0
2025-12-02 05:37:46,234,6.03,0,0,0,0,0,0,0,True,0
2025-12-02 05:37:46,235,6.51,0,0,0,0,0,0,0,True,0
2025-12-02 05:37:46,236,6.52,0,0,0,0,0,0,0,True,0
2025-12-02 05:37:46,237,6.8,0,0,0,0,0,0,0,True,0
2025-12-02 05:37:47,238,7.28,0,0,0,0,0,0,0,True,0
2025-12-02 05:37:47,239,7.82,0,2,0,0,0,0,0,True,2
2025-12-02 05:37:47,240,7.36,0,0,0,0,0,0,0,True,0
2025-12-02 05:37:47,241,7.88,0,0,0,0,0,0,0,True,0
2025-12-02 05:37:47,242,7.35,0,0,0,0,0,0,0,True,0
2025-12-02 05:37:47,243,6.62,0,0,0,0,0,0,0,True,0
2025-12-02 05:37:47,244,5.04,0,0,0,0,0,0,1,True,1
2025-12-02 05:37:48,245,7.42,0,0,0,0,0,0,1,True,1
2025-12-02 05:37:48,246,7.25,0,0,0,0,0,0,0,True,0
2025-12-02 05:37:48,247,7.56,0,0,0,0,0,0,0,True,0
2025-12-02 05:37:48,248,6.71,0,0,0,0,0,0,0,True,0
2025-12-02 05:37:48,249,6.71,0,0,0,0,0,0,0,True,0
2025-12-02 05:37:48,250,6.82,0,0,0,0,0,0,0,True,0
2025-12-02 05:37:49,251,6.7,0,0,0,0,0,0,0,True,0
2025-12-02 05:37:49,252,6.41,0,0,0,0,0,0,0,True,0
2025-12-02 05:37:49,253,6.18,0,0,0,0,0,0,0,True,0
2025-12-02 05:37:49,254,6.06,0,0,0,0,0,0,0,True,0
2025-12-02 05:37:49,255,5.97,0,1,0,0,0,0,0,True,1
2025-12-02 05:37:49,256,7.32,0,0,0,0,0,0,0,True,0
2025-12-02 05:37:50,257,7.98,0,0,0,0,0,0,0,True,0
2025-12-02 05:37:50,258,6.83,0,0,0,0,0,0,0,True,0
2025-12-02 05:37:50,259,7.47,0,0,0,0,0,0,0,True,0
2025-12-02 05:37:50,260,7.49,0,0,0,0,0,0,0,True,0
2025-12-02 05:37:50,261,7.38,0,0,0,0,0,0,0,True,0
2025-12-02 05:37:50,262,6.69,0,0,0,0,0,0,0,True,0
2025-12-02 05:37:50,263,7.57,0,0,0,0,0,0,0,True,0
2025-12-02 05:37:51,264,6.7,0,1,0,0,0,0,0,True,1
2025-12-02 05:37:51,265,6.92,0,3,0,0,0,0,0,True,3
2025-12-02 05:37:51,266,7.22,0,2,0,0,0,0,0,True,2
2025-12-02 05:37:51,267,7.67,0,2,0,0,0,0,0,True,2
2025-12-02 05:37:51,268,7.35,0,1,0,0,0,0,0,True,1
2025-12-02 05:37:51,269,6.53,0,0,0,0,0,0,0,True,0
2025-12-02 05:37:51,270,7.45,0,0,0,0,0,0,0,True,0
2025-12-02 05:37:52,271,7.06,0,0,0,0,0,0,0,True,0
2025-12-02 05:37:52,272,6.73,0,1,0,0,0,0,0,True,1
2025-12-02 05:37:52,273,6.37,0,1,0,0,0,0,0,True,1
2025-12-02 05:37:52,274,6.42,0,0,0,0,0,0,0,True,0
2025-12-02 05:37:52,275,4.21,1,0,0,1,0,0,0,True,2
2025-12-02 05:37:53,276,6.12,0,2,2,1,0,0,0,True,5
2025-12-02 05:37:53,277,5.32,1,3,0,1,0,0,0,True,5
2025-12-02 05:37:53,278,7.33,0,2,0,1,0,0,0,True,3
2025-12-02 05:37:53,279,7.33,0,2,0,1,0,0,0,True,3
2025-12-02 05:37:53,280,6.45,0,3,0,1,0,0,0,True,4
2025-12-02 05:37:53,281,6.87,0,3,0,2,0,0,0,True,5
2025-12-02 05:37:54,282,6.76,0,2,0,2,0,0,1,True,5
2025-12-02 05:37:54,283,6.84,0,2,0,1,0,0,0,True,3
2025-12-02 05:37:54,284,7.36,1,2,0,1,0,0,1,True,5
2025-12-02 05:37:54,285,6.64,0,2,0,1,0,0,1,True,4
2025-12-02 05:37:54,286,6.71,0,2,0,1,0,0,1,True,4
2025-12-02 05:37:54,287,6.7,0,2,0,1,0,0,1,True,4
2025-12-02 05:37:55,288,6.75,0,2,0,1,0,0,1,True,4
2025-12-02 05:37:55,289,7.27,0,3,0,1,0,0,1,True,5
2025-12-02 05:37:55,290,6.21,2,2,0,1,0,0,1,True,6
2025-12-02 05:37:55,291,7.4,0,1,0,1,0,0,1,True,3
2025-12-02 05:37:55,292,7.28,0,1,0,1,0,0,1,True,3
2025-12-02 05:37:55,293,7.48,0,0,0,1,0,0,1,True,2
2025-12-02 05:37:55,294,7.3,0,0,0,1,0,0,1,True,2
2025-12-02 05:37:56,295,5.86,0,0,0,1,0,0,1,True,2
2025-12-02 05:37:56,296,6.03,0,0,0,1,0,0,1,True,2
2025-12-02 05:37:56,297,7.26,0,2,0,1,0,0,1,True,4
2025-12-02 05:37:56,298,6.91,0,1,0,1,0,0,1,True,3
2025-12-02 05:37:56,299,7.81,0,1,0,1,0,0,1,True,3
2025-12-02 05:37:56,300,6.95,0,1,0,1,0,0,1,True,3
2025-12-02 05:37:57,301,7.3,0,1,1,1,0,0,1,True,4
2025-12-02 05:37:57,302,5.16,0,1,0,1,0,0,1,True,3
2025-12-02 05:37:57,303,5.23,0,1,0,1,0,0,1,True,3
2025-12-02 05:37:57,304,5.11,1,1,0,1,0,0,1,True,4
2025-12-02 05:37:57,305,5.16,0,1,0,1,0,0,1,True,3
2025-12-02 05:37:58,306,5.37,0,1,0,1,0,0,1,True,3
2025-12-02 05:37:58,307,7.16,0,1,0,1,0,0,1,True,3
2025-12-02 05:37:58,308,6.4,0,1,0,1,0,0,1,True,3
2025-12-02 05:37:58,309,6.86,0,0,0,1,0,0,1,True,2
2025-12-02 05:37:58,310,7.32,0,0,0,1,0,0,1,True,2
2025-12-02 05:37:58,311,7.14,0,0,0,1,0,0,1,True,2
2025-12-02 05:37:59,312,7.3,0,0,1,0,0,0,1,True,2
2025-12-02 05:37:59,313,7.41,0,0,0,0,0,0,1,True,1
2025-12-02 05:37:59,314,6.43,0,0,0,0,0,0,1,True,1
2025-12-02 05:37:59,315,5.29,0,0,0,1,0,0,1,True,2
2025-12-02 05:37:59,316,6.8,0,0,0,1,0,0,1,True,2
2025-12-02 05:37:59,317,6.76,0,0,0,1,0,0,1,True,2
2025-12-02 05:38:00,318,6.32,0,0,0,1,0,0,1,True,2
2025-12-02 05:38:00,319,6.92,0,0,0,1,0,0,1,True,2
2025-12-02 05:38:00,320,7.36,0,0,0,1,0,0,1,True,2
2025-12-02 05:38:00,321,6.96,0,1,0,1,0,0,1,True,3
2025-12-02 05:38:00,322,6.51,0,1,0,1,0,0,1,True,3
2025-12-02 05:38:00,323,6.72,0,0,0,1,0,0,1,True,2
2025-12-02 05:38:00,324,7.69,0,1,0,1,0,0,1,True,3
2025-12-02 05:38:01,325,6.99,0,0,0,2,0,0,1,True,3
2025-12-02 05:38:01,326,7.51,0,0,0,1,0,0,0,True,1
2025-12-02 05:38:01,327,7.25,0,1,0,1,0,0,0,True,2
2025-12-02 05:38:01,328,7.25,0,1,0,1,0,0,1,True,3
2025-12-02 05:38:01,329,7.33,0,2,0,1,0,0,1,True,4
2025-12-02 05:38:01,330,7.17,0,3,0,2,0,0,1,True,6
2025-12-02 05:38:02,331,6.99,0,1,0,2,0,0,1,True,4
2025-12-02 05:38:02,332,4.79,0,2,0,2,0,0,1,True,5
2025-12-02 05:38:02,333,4.69,0,3,0,1,0,0,1,True,5
2025-12-02 05:38:02,334,4.57,0,3,0,1,0,0,1,True,5
2025-12-02 05:38:02,335,4.16,0,4,0,1,0,0,0,True,5
2025-12-02 05:38:03,336,5.23,0,2,1,1,0,0,0,True,4
2025-12-02 05:38:03,337,5.14,0,4,0,1,0,0,0,True,5
2025-12-02 05:38:03,338,5.97,0,0,0,1,0,0,0,True,1
2025-12-02 05:38:03,339,7.39,0,0,0,1,0,0,0,True,1
2025-12-02 05:38:03,340,7.48,0,0,0,1,0,0,0,True,1
2025-12-02 05:38:03,341,7.06,0,1,0,2,0,0,0,True,3
2025-12-02 05:38:04,342,6.27,0,0,0,2,0,0,0,True,2
2025-12-02 05:38:04,343,7.25,0,0,1,1,0,0,0,True,2
2025-12-02 05:38:04,344,7.63,0,0,0,1,0,0,0,True,1
2025-12-02 05:38:04,345,6.77,0,0,0,1,0,0,0,True,1
2025-12-02 05:38:04,346,6.85,0,0,0,2,0,0,0,True,2
2025-12-02 05:38:04,347,7.35,0,0,0,2,0,0,0,True,2
2025-12-02 05:38:05,348,6.93,0,0,0,1,0,0,0,True,1
2025-12-02 05:38:05,349,6.64,0,0,0,2,0,0,0,True,2
2025-12-02 05:38:05,350,6.51,0,0,0,1,0,0,0,True,1
2025-12-02 05:38:05,351,7.23,0,0,0,1,0,0,0,True,1
2025-12-02 05:38:05,352,7.45,0,0,0,1,0,0,1,True,2
2025-12-02 05:38:05,353,7.46,0,0,0,1,0,0,1,True,2
2025-12-02 05:38:06,354,4.04,0,0,0,1,0,0,1,True,2
2025-12-02 05:38:06,355,5.97,0,0,0,1,0,0,0,True,1
2025-12-02 05:38:06,356,6.28,0,0,0,1,0,0,0,True,1
2025-12-02 05:38:06,357,6.95,0,0,0,1,0,0,0,True,1
2025-12-02 05:38:06,358,7.46,0,0,0,1,0,0,0,True,1
2025-12-02 05:38:06,359,4.4,0,0,0,1,0,0,0,True,1
2025-12-02 05:38:07,360,5.05,0,0,0,0,0,0,0,True,0
2025-12-02 05:38:07,361,6.15,0,0,0,1,0,0,1,True,2
2025-12-02 05:38:07,362,6.55,0,0,1,0,0,0,0,True,1
2025-12-02 05:38:07,363,6.31,0,0,1,0,0,0,0,True,1
2025-12-02 05:38:07,364,6.97,0,1,1,0,0,0,0,True,2
2025-12-02 05:38:08,365,6.98,0,2,0,1,0,0,1,True,4
2025-12-02 05:38:08,366,7.19,0,2,1,1,0,0,1,True,5
2025-12-02 05:38:08,367,6.99,1,1,0,1,0,0,1,True,4
2025-12-02 05:38:08,368,6.93,0,1,0,1,0,0,1,True,3
2025-12-02 05:38:08,369,7.39,0,1,0,1,0,0,1,True,3
2025-12-02 05:38:08,370,6.6,0,1,0,1,0,0,1,True,3
2025-12-02 05:38:08,371,7.36,0,0,1,1,0,0,1,True,3
2025-12-02 05:38:09,372,6.85,0,0,1,1,0,0,1,True,3
2025-12-02 05:38:09,373,5.98,0,0,0,1,0,0,1,True,2
2025-12-02 05:38:09,374,5.47,0,0,0,1,0,0,1,True,2
2025-12-02 05:38:09,375,6.94,0,0,0,1,0,0,1,True,2
2025-12-02 05:38:09,376,6.61,0,0,0,1,0,0,1,True,2
2025-12-02 05:38:10,377,4.4,0,0,0,1,0,0,1,True,2
2025-12-02 05:38:10,378,6.08,0,1,0,1,0,0,1,True,3
2025-12-02 05:38:10,379,6.14,0,1,0,1,0,0,1,True,3
2025-12-02 05:38:10,380,6.34,0,1,0,1,0,0,1,True,3
2025-12-02 05:38:10,381,7.37,0,1,2,0,0,0,1,True,4
2025-12-02 05:38:10,382,5.97,0,1,1,1,0,0,1,True,4
2025-12-02 05:38:11,383,7.24,0,1,2,1,0,0,1,True,5
2025-12-02 05:38:11,384,7.43,0,2,1,1,0,0,1,True,5
2025-12-02 05:38:11,385,6.88,0,1,1,1,0,0,1,True,4
2025-12-02 05:38:11,386,7.45,0,0,1,1,0,0,1,True,3
2025-12-02 05:38:11,387,7.42,0,0,1,0,0,0,1,True,2
2025-12-02 05:38:11,388,7.24,0,0,0,1,0,0,1,True,2
2025-12-02 05:38:11,389,7.44,1,0,1,0,0,0,1,True,3
2025-12-02 05:38:12,390,7.23,0,0,1,0,0,0,1,True,2
2025-12-02 05:38:12,391,6.61,0,0,1,0,0,0,1,True,2
2025-12-02 05:38:12,392,7.08,1,0,1,0,0,0,1,True,3
2025-12-02 05:38:12,393,6.16,0,0,1,0,0,0,1,True,2
2025-12-02 05:38:12,394,5.53,1,0,1,0,0,0,1,True,3
2025-12-02 05:38:12,395,6.3,0,0,1,0,0,0,1,True,2
2025-12-02 05:38:13,396,7.15,0,0,0,1,0,0,1,True,2
2025-12-02 05:38:13,397,6.89,0,1,0,1,0,0,1,True,3
2025-12-02 05:38:13,398,7.33,0,2,0,1,0,0,1,True,4
2025-12-02 05:38:13,399,6.81,0,3,0,1,0,0,1,True,5
2025-12-02 05:38:13,400,7.34,0,3,0,1,0,0,1,True,5
2025-12-02 05:38:13,401,6.93,0,3,0,1,0,0,1,True,5
2025-12-02 05:38:14,402,6.89,0,3,0,1,0,0,1,True,5
2025-12-02 05:38:14,403,6.82,0,4,0,1,0,0,1,True,6
2025-12-02 05:38:14,404,7.38,0,5,0,1,0,0,1,True,7
2025-12-02 05:38:14,405,6.3,0,3,0,2,0,0,1,True,6
2025-12-02 05:38:14,406,7.11,0,3,0,1,0,0,1,True,5
2025-12-02 05:38:14,407,4.88,0,3,0,2,0,0,1,True,6
2025-12-02 05:38:15,408,7.16,0,3,0,2,0,0,1,True,6
2025-12-02 05:38:15,409,8.02,0,4,0,2,0,0,1,True,7
2025-12-02 05:38:15,410,6.94,0,4,0,2,0,0,1,True,7
2025-12-02 05:38:15,411,6.88,0,2,0,2,0,0,1,True,5
2025-12-02 05:38:15,412,7.19,0,2,0,2,0,0,1,True,5
2025-12-02 05:38:15,413,6.22,0,3,0,2,0,0,1,True,6
2025-12-02 05:38:15,414,5.2,0,3,0,2,0,0,1,True,6
2025-12-02 05:38:16,415,7.41,1,6,0,3,0,0,1,True,11
2025-12-02 05:38:16,416,7.18,0,4,0,2,0,0,1,True,7
2025-12-02 05:38:16,417,7.5,0,6,1,2,0,0,1,True,10
2025-12-02 05:38:16,418,6.82,0,6,1,3,0,0,1,True,11
2025-12-02 05:38:16,419,7.17,1,6,1,2,0,0,1,True,11
2025-12-02 05:38:16,420,6.22,0,5,2,2,0,0,1,True,10
2025-12-02 05:38:17,421,6.84,0,2,0,4,0,0,1,True,7
2025-12-02 05:38:17,422,7.82,0,5,1,2,0,0,1,True,9
2025-12-02 05:38:17,423,6.81,0,5,1,2,0,0,1,True,9
2025-12-02 05:38:17,424,7.27,0,8,0,1,0,0,0,True,9
2025-12-02 05:38:17,425,7.7,0,9,0,1,0,0,0,True,10
2025-12-02 05:38:17,426,6.25,0,9,0,1,0,0,0,True,10
2025-12-02 05:38:17,427,7.21,0,8,0,1,0,0,0,True,9
2025-12-02 05:38:18,428,7.55,0,6,1,1,0,0,0,True,8
2025-12-02 05:38:18,429,6.85,1,6,0,1,0,0,0,True,8
2025-12-02 05:38:18,430,6.86,0,7,0,1,0,0,0,True,8
2025-12-02 05:38:18,431,6.86,0,6,0,1,0,0,0,True,7
2025-12-02 05:38:18,432,7.06,0,7,0,1,0,0,0,True,8
2025-12-02 05:38:18,433,7.07,0,8,0,0,0,0,0,True,8
2025-12-02 05:38:19,434,7.88,0,6,0,0,1,0,0,True,7
2025-12-02 05:38:19,435,5.68,1,5,1,0,0,0,0,True,7
2025-12-02 05:38:19,436,3.93,1,5,1,0,0,0,0,True,7
2025-12-02 05:38:19,437,6.37,1,8,1,0,0,0,0,True,10
2025-12-02 05:38:19,438,6.39,1,7,1,0,0,0,1,True,10
2025-12-02 05:38:19,439,7.26,1,5,0,0,0,0,0,True,6
2025-12-02 05:38:20,440,6.96,1,5,0,0,0,0,0,True,6
2025-12-02 05:38:20,441,7.43,1,6,0,0,0,0,1,True,8
2025-12-02 05:38:20,442,6.97,1,7,0,0,0,0,1,True,9
2025-12-02 05:38:20,443,6.4,1,8,0,1,0,0,1,True,11
2025-12-02 05:38:20,444,6.79,0,5,0,0,0,0,0,True,5
2025-12-02 05:38:20,445,6.59,0,6,0,0,0,0,0,True,6
2025-12-02 05:38:21,446,5.84,0,4,0,0,0,0,0,True,4
2025-12-02 05:38:21,447,6.07,0,4,0,0,0,0,1,True,5
2025-12-02 05:38:21,448,6.75,0,3,1,1,0,0,1,True,6
2025-12-02 05:38:21,449,6.5,0,2,0,0,0,0,1,True,3
2025-12-02 05:38:21,450,6.42,0,3,0,1,0,0,1,True,5
2025-12-02 05:38:21,451,6.93,0,4,0,1,0,0,0,True,5
2025-12-02 05:38:22,452,7.53,0,3,0,0,0,0,1,True,4
2025-12-02 05:38:22,453,7.39,0,3,0,0,0,0,1,True,4
2025-12-02 05:38:22,454,6.34,0,2,0,0,0,0,0,True,2
2025-12-02 05:38:22,455,5.61,0,2,0,1,0,0,0,True,3
2025-12-02 05:38:22,456,6.87,0,0,0,1,0,0,0,True,1
2025-12-02 05:38:22,457,6.27,0,1,0,1,0,0,0,True,2
2025-12-02 05:38:23,458,6.48,0,2,0,1,0,0,0,True,3
2025-12-02 05:38:23,459,6.78,0,2,0,1,0,0,0,True,3
2025-12-02 05:38:23,460,6.74,0,3,0,0,0,0,0,True,3
2025-12-02 05:38:23,461,6.29,0,2,0,0,0,0,0,True,2
2025-12-02 05:38:23,462,6.41,0,3,0,0,0,0,1,True,4
2025-12-02 05:38:23,463,6.3,0,3,0,0,0,0,0,True,3
2025-12-02 05:38:24,464,5.24,0,4,0,0,0,0,1,True,5
2025-12-02 05:38:24,465,6.31,0,7,0,0,0,0,0,True,7
2025-12-02 05:38:24,466,5.89,0,4,0,1,0,0,0,True,5
2025-12-02 05:38:24,467,6.21,0,3,0,0,0,0,0,True,3
2025-12-02 05:38:24,468,5.99,0,3,0,0,0,0,1,True,4
2025-12-02 05:38:24,469,6.47,0,2,0,0,0,0,1,True,3
2025-12-02 05:38:25,470,6.53,0,4,0,1,0,0,0,True,5
2025-12-02 05:38:25,471,6.04,0,5,0,1,0,0,0,True,6
2025-12-02 05:38:25,472,6.43,0,6,0,0,0,0,1,True,7
2025-12-02 05:38:25,473,5.64,0,4,0,0,0,0,0,True,4
2025-12-02 05:38:25,474,5.66,2,5,1,0,0,0,0,True,8
2025-12-02 05:38:26,475,7.03,1,5,1,1,0,0,0,True,8
2025-12-02 05:38:26,476,7.18,0,5,1,1,0,0,0,True,7
2025-12-02 05:38:26,477,6.71,0,4,0,1,0,0,0,True,5
2025-12-02 05:38:26,478,6.19,0,4,0,1,0,0,0,True,5
2025-12-02 05:38:26,479,7.38,0,4,0,1,0,0,0,True,5
2025-12-02 05:38:26,480,6.77,0,5,0,1,0,0,0,True,6
2025-12-02 05:38:26,481,7.84,0,7,0,1,0,0,0,True,8
2025-12-02 05:38:27,482,6.45,0,6,0,1,0,0,0,True,7
2025-12-02 05:38:27,483,6.93,0,7,0,1,1,0,0,True,9
2025-12-02 05:38:27,484,6.85,0,7,0,1,0,0,0,True,8
2025-12-02 05:38:27,485,7.38,0,7,0,1,0,0,0,True,8
2025-12-02 05:38:27,486,7.23,0,8,0,1,0,0,0,True,9
2025-12-02 05:38:27,487,7.25,0,6,0,1,0,0,0,True,7
2025-12-02 05:38:28,488,6.98,0,6,0,2,0,0,0,True,8
2025-12-02 05:38:28,489,7.41,0,7,0,1,0,0,0,True,8
2025-12-02 05:38:28,490,6.73,1,6,0,1,0,0,0,True,8
2025-12-02 05:38:28,491,7.52,0,6,0,1,0,0,0,True,7
2025-12-02 05:38:28,492,7.2,1,0,0,0,0,0,0,True,1
2025-12-02 05:38:28,493,7.2,1,0,0,0,0,0,0,True,1
2025-12-02 05:38:29,494,4.14,1,1,0,0,0,0,0,True,2
2025-12-02 05:38:29,495,5.91,0,5,0,1,0,0,0,True,6
2025-12-02 05:38:29,496,5.06,0,0,0,0,0,0,0,True,0
2025-12-02 05:38:29,497,7.12,1,2,0,0,0,0,0,True,3
2025-12-02 05:38:29,498,7.7,0,0,0,0,0,0,0,True,0
2025-12-02 05:38:29,499,6.91,1,0,0,0,0,0,0,True,1
2025-12-02 05:38:30,500,7.84,0,0,0,0,0,0,0,True,0
2025-12-02 05:38:30,501,6.88,0,0,0,0,0,0,0,True,0
2025-12-02 05:38:30,502,6.91,0,0,0,0,0,0,0,True,0
2025-12-02 05:38:30,503,6.27,0,1,0,0,0,0,0,True,1
2025-12-02 05:38:30,504,6.94,0,0,0,0,0,0,0,True,0
2025-12-02 05:38:30,505,6.9,0,0,0,0,0,0,0,True,0
2025-12-02 05:38:31,506,6.94,0,0,0,0,0,0,0,True,0
2025-12-02 05:38:31,507,7.13,0,0,0,0,0,0,0,True,0
2025-12-02 05:38:31,508,7.81,0,0,0,0,0,0,0,True,0
2025-12-02 05:38:31,509,6.71,0,0,0,0,0,0,0,True,0
2025-12-02 05:38:31,510,7.18,0,0,0,0,0,0,0,True,0
2025-12-02 05:38:31,511,6.65,0,0,0,0,0,0,0,True,0
2025-12-02 05:38:31,512,6.52,0,0,0,0,0,0,0,True,0
2025-12-02 05:38:32,513,7.53,0,1,0,0,0,0,0,True,1
2025-12-02 05:38:32,514,6.23,0,0,0,0,0,0,0,True,0
2025-12-02 05:38:32,515,4.38,0,0,0,0,0,0,0,True,0
2025-12-02 05:38:32,516,5.25,0,0,0,0,0,0,0,True,0
2025-12-02 05:38:32,517,5.69,0,0,0,0,0,0,0,True,0
2025-12-02 05:38:33,518,5.2,0,0,0,0,0,0,0,True,0
2025-12-02 05:38:33,519,4.92,1,0,0,0,0,0,0,True,1
2025-12-02 05:38:33,520,4.62,0,0,0,0,0,0,0,True,0
2025-12-02 05:38:33,521,5.52,0,0,0,0,0,0,0,True,0
2025-12-02 05:38:33,522,4.82,0,0,0,0,0,0,0,True,0
2025-12-02 05:38:34,523,6.52,0,1,0,0,0,0,0,True,1
2025-12-02 05:38:34,524,7.54,0,0,0,0,0,0,0,True,0
2025-12-02 05:38:34,525,7.33,0,1,0,0,0,0,0,True,1
2025-12-02 05:38:34,526,7.51,0,2,0,0,0,0,0,True,2
2025-12-02 05:38:34,527,8.05,0,0,0,0,0,0,0,True,0
2025-12-02 05:38:34,528,6.89,0,1,0,0,0,0,0,True,1
2025-12-02 05:38:34,529,7.43,0,0,0,0,0,0,0,True,0
2025-12-02 05:38:35,530,7.36,0,0,0,0,0,0,0,True,0
2025-12-02 05:38:35,531,7.44,0,1,0,0,0,0,0,True,1
2025-12-02 05:38:35,532,6.93,0,0,0,0,0,0,0,True,0
2025-12-02 05:38:35,533,5.66,0,0,0,0,0,0,0,True,0
2025-12-02 05:38:35,534,6.4,0,0,0,0,0,0,0,True,0
2025-12-02 05:38:36,535,4.8,0,0,0,0,0,0,0,True,0
2025-12-02 05:38:36,536,6.87,0,0,0,0,0,0,0,True,0
2025-12-02 05:38:36,537,7.42,0,0,0,0,0,0,0,True,0
2025-12-02 05:38:36,538,7.37,0,0,0,0,0,0,0,True,0
2025-12-02 05:38:36,539,6.95,0,0,0,0,0,0,0,True,0
2025-12-02 05:38:36,540,6.87,0,0,0,0,0,0,0,True,0
2025-12-02 05:38:36,541,6.79,0,0,0,0,0,0,0,True,0
2025-12-02 05:38:37,542,7.1,0,0,0,0,0,0,0,True,0
2025-12-02 05:38:37,543,6.8,0,0,0,0,0,0,0,True,0
2025-12-02 05:38:37,544,7.25,0,0,0,0,0,0,0,True,0
2025-12-02 05:38:37,545,7.07,0,1,0,0,0,0,0,True,1
2025-12-02 05:38:37,546,7.36,0,0,0,0,0,0,0,True,0
2025-12-02 05:38:37,547,7.21,0,0,0,0,0,0,0,True,0
2025-12-02 05:38:38,548,6.43,0,1,0,0,0,0,0,True,1
2025-12-02 05:38:38,549,7.2,0,1,0,0,0,0,0,True,1
2025-12-02 05:38:38,550,6.99,0,0,0,0,0,0,0,True,0
2025-12-02 05:38:38,551,6.36,0,0,1,0,0,0,0,True,1
2025-12-02 05:38:38,552,4.73,0,0,1,0,0,0,0,True,1
2025-12-02 05:38:38,553,4.9,0,1,0,0,0,0,0,True,1
2025-12-02 05:38:39,554,6.23,0,2,0,0,0,0,0,True,2
2025-12-02 05:38:39,555,5.12,0,1,0,0,0,0,0,True,1
2025-12-02 05:38:39,556,5.14,0,1,0,0,0,0,0,True,1
2025-12-02 05:38:39,557,5.07,0,3,0,0,0,0,0,True,3
2025-12-02 05:38:39,558,5.61,0,1,0,0,0,0,0,True,1
2025-12-02 05:38:40,559,7.4,1,1,0,0,0,0,0,True,2
2025-12-02 05:38:40,560,7.21,0,1,0,0,0,0,0,True,1
2025-12-02 05:38:40,561,6.78,0,2,0,0,0,0,0,True,2
2025-12-02 05:38:40,562,6.75,0,1,0,2,0,0,0,True,3
2025-12-02 05:38:40,563,6.68,0,2,0,2,0,0,0,True,4
2025-12-02 05:38:40,564,7.4,0,1,0,2,0,0,0,True,3
2025-12-02 05:38:41,565,6.89,0,1,0,2,0,0,0,True,3
2025-12-02 05:38:41,566,6.29,0,0,0,2,0,0,1,True,3
2025-12-02 05:38:41,567,6.99,0,1,0,1,0,0,0,True,2
2025-12-02 05:38:41,568,7.21,0,2,0,1,0,0,1,True,4
2025-12-02 05:38:41,569,7.43,1,0,0,2,0,0,1,True,4
2025-12-02 05:38:41,570,7.22,0,2,0,2,0,0,1,True,5
2025-12-02 05:38:41,571,7.28,0,3,0,1,0,0,1,True,5
2025-12-02 05:38:42,572,6.4,0,4,0,1,0,0,1,True,6
2025-12-02 05:38:42,573,5.63,0,4,0,1,0,0,1,True,6
2025-12-02 05:38:42,574,6.12,0,4,0,1,0,0,1,True,6
2025-12-02 05:38:42,575,6.51,0,4,0,1,0,0,1,True,6
2025-12-02 05:38:42,576,6.63,0,3,0,1,0,0,1,True,5
2025-12-02 05:38:42,577,7.2,0,3,0,1,0,0,1,True,5
2025-12-02 05:38:43,578,6.58,0,2,1,1,0,0,1,True,5
2025-12-02 05:38:43,579,7.24,0,0,0,1,0,0,1,True,2
2025-12-02 05:38:43,580,6.97,0,0,1,1,0,0,1,True,3
2025-12-02 05:38:43,581,6.84,0,0,1,1,0,0,1,True,3
2025-12-02 05:38:43,582,4.75,1,0,1,1,0,0,1,True,4
2025-12-02 05:38:43,583,4.99,0,0,0,1,0,0,1,True,2
2025-12-02 05:38:44,584,4.6,0,0,1,1,0,0,1,True,3
2025-12-02 05:38:44,585,5.54,0,1,0,1,0,0,1,True,3
2025-12-02 05:38:44,586,4.57,0,1,0,1,0,0,1,True,3
2025-12-02 05:38:44,587,5.07,0,1,1,1,0,0,1,True,4
2025-12-02 05:38:45,588,4.95,0,1,0,1,0,0,1,True,3
2025-12-02 05:38:45,589,5.13,0,0,1,0,0,0,1,True,2
2025-12-02 05:38:45,590,3.54,0,0,0,1,0,0,1,True,2
2025-12-02 05:38:45,591,5.02,0,0,1,1,0,0,1,True,3
2025-12-02 05:38:46,592,4.53,0,0,1,0,0,0,1,True,2
2025-12-02 05:38:46,593,4.64,0,0,2,1,0,0,1,True,4
2025-12-02 05:38:46,594,7.98,0,0,1,0,0,0,0,True,1
2025-12-02 05:38:46,595,7.32,0,1,0,1,0,0,1,True,3
2025-12-02 05:38:46,596,6.94,1,2,0,1,0,0,0,True,4
2025-12-02 05:38:46,597,6.89,1,2,0,1,0,0,0,True,4
2025-12-02 05:38:46,598,7.54,1,3,0,1,0,0,0,True,5
2025-12-02 05:38:47,599,6.71,0,2,0,1,0,0,0,True,3
2025-12-02 05:38:47,600,6.38,0,2,0,0,0,0,0,True,2
2025-12-02 05:38:47,601,6.96,0,3,0,1,0,0,0,True,4
2025-12-02 05:38:47,602,6.36,0,4,0,1,0,0,0,True,5
2025-12-02 05:38:47,603,6.83,0,3,0,1,0,0,0,True,4
2025-12-02 05:38:47,604,6.82,0,6,0,0,0,0,0,True,6
2025-12-02 05:38:48,605,6.82,0,3,0,0,0,0,0,True,3
2025-12-02 05:38:48,606,7.59,0,3,0,0,0,0,0,True,3
2025-12-02 05:38:48,607,7.37,0,2,0,0,0,0,0,True,2
2025-12-02 05:38:48,608,7.49,0,3,1,0,0,0,0,True,4
2025-12-02 05:38:48,609,6.59,0,3,0,0,0,0,0,True,3
2025-12-02 05:38:48,610,4.37,0,5,0,0,0,0,0,True,5
2025-12-02 05:38:49,611,5.0,0,4,0,0,0,0,0,True,4
2025-12-02 05:38:49,612,5.46,0,3,0,0,0,0,0,True,3
2025-12-02 05:38:49,613,4.5,1,3,0,0,0,0,0,True,4
2025-12-02 05:38:49,614,4.68,0,3,0,0,0,0,0,True,3
2025-12-02 05:38:50,615,4.82,0,3,0,0,0,0,0,True,3
2025-12-02 05:38:50,616,6.38,1,2,0,0,0,0,0,True,3
2025-12-02 05:38:50,617,6.72,1,5,0,1,0,0,0,True,7
2025-12-02 05:38:50,618,6.36,1,4,0,1,0,0,0,True,6
2025-12-02 05:38:50,619,6.16,2,4,0,1,0,0,0,True,7
2025-12-02 05:38:50,620,6.74,1,4,0,1,0,0,0,True,6
2025-12-02 05:38:51,621,5.97,2,5,0,1,0,0,0,True,8
2025-12-02 05:38:51,622,7.47,0,1,0,1,0,0,0,True,2
2025-12-02 05:38:51,623,7.24,0,3,0,1,0,0,0,True,4
2025-12-02 05:38:51,624,6.67,0,2,0,1,0,0,0,True,3
2025-12-02 05:38:51,625,7.38,0,3,0,1,0,0,0,True,4
2025-12-02 05:38:51,626,6.31,0,2,0,1,0,0,0,True,3
2025-12-02 05:38:52,627,5.6,0,1,0,1,0,0,0,True,2
2025-12-02 05:38:52,628,4.04,0,1,0,1,0,0,0,True,2
2025-12-02 05:38:52,629,6.22,0,1,0,1,0,0,0,True,2
2025-12-02 05:38:52,630,6.64,0,1,0,1,0,0,0,True,2
2025-12-02 05:38:52,631,5.79,0,3,0,1,0,0,0,True,4
2025-12-02 05:38:53,632,6.1,0,1,0,1,0,0,0,True,2
2025-12-02 05:38:53,633,5.98,0,1,0,1,0,0,0,True,2
2025-12-02 05:38:53,634,5.43,0,1,0,1,0,0,0,True,2
2025-12-02 05:38:53,635,4.73,0,1,0,1,0,0,0,True,2
2025-12-02 05:38:53,636,5.14,0,1,0,1,0,0,0,True,2
2025-12-02 05:38:54,637,4.75,0,1,0,1,0,0,0,True,2
2025-12-02 05:38:54,638,4.93,0,1,0,1,0,0,0,True,2
2025-12-02 05:38:54,639,4.26,0,1,0,1,0,0,0,True,2
2025-12-02 05:38:54,640,5.26,0,1,1,1,0,0,0,True,3
2025-12-02 05:38:54,641,6.97,0,1,0,1,0,0,0,True,2
2025-12-02 05:38:55,642,6.83,0,1,0,1,0,0,0,True,2
2025-12-02 05:38:55,643,7.14,0,1,1,1,0,0,1,True,4
2025-12-02 05:38:55,644,6.96,0,1,0,1,0,0,1,True,3
2025-12-02 05:38:55,645,7.25,0,1,1,1,0,0,0,True,3
2025-12-02 05:38:55,646,6.24,0,1,0,1,0,0,1,True,3
2025-12-02 05:38:55,647,6.7,0,1,0,1,0,0,1,True,3
2025-12-02 05:38:55,648,6.94,0,1,0,1,0,0,1,True,3
2025-12-02 05:38:56,649,7.24,0,1,0,1,0,0,1,True,3
2025-12-02 05:38:56,650,6.52,0,1,0,1,0,0,1,True,3
2025-12-02 05:38:56,651,6.68,0,1,0,1,0,0,1,True,3
2025-12-02 05:38:56,652,6.47,0,1,0,1,0,0,0,True,2
2025-12-02 05:38:56,653,6.7,0,1,0,1,0,0,1,True,3
2025-12-02 05:38:56,654,7.34,0,1,1,1,0,0,0,True,3
2025-12-02 05:38:57,655,7.93,0,1,0,1,0,0,0,True,2
2025-12-02 05:38:57,656,6.94,0,1,0,1,0,0,0,True,2
2025-12-02 05:38:57,657,7.4,0,1,0,1,0,0,0,True,2
2025-12-02 05:38:57,658,7.23,0,1,0,1,0,0,0,True,2
2025-12-02 05:38:57,659,6.85,0,1,0,1,0,0,0,True,2
2025-12-02 05:38:57,660,6.87,0,1,0,1,0,0,1,True,3
2025-12-02 05:38:57,661,7.17,2,1,0,1,0,0,1,True,5
2025-12-02 05:38:58,662,6.85,0,1,0,1,0,0,1,True,3
2025-12-02 05:38:58,663,6.66,0,1,0,1,0,0,1,True,3
2025-12-02 05:38:58,664,7.18,0,2,0,1,0,0,0,True,3
2025-12-02 05:38:58,665,6.96,0,0,0,1,0,0,0,True,1
2025-12-02 05:38:58,666,6.71,0,0,1,0,0,0,1,True,2
2025-12-02 05:38:58,667,5.29,0,0,0,0,0,0,0,True,0
2025-12-02 05:38:59,668,6.97,0,0,0,0,0,0,0,True,0
2025-12-02 05:38:59,669,5.57,1,0,1,0,0,0,1,True,3
2025-12-02 05:38:59,670,4.68,0,0,0,0,0,0,0,True,0
2025-12-02 05:38:59,671,5.43,1,0,1,0,0,0,1,True,3
2025-12-02 05:38:59,672,6.65,0,0,1,0,0,0,1,True,2
2025-12-02 05:38:59,673,7.8,0,0,1,1,0,0,1,True,3
2025-12-02 05:39:00,674,6.79,0,0,0,0,0,0,1,True,1
2025-12-02 05:39:00,675,6.75,0,2,0,0,0,0,1,True,3
2025-12-02 05:39:00,676,7.33,0,0,0,1,0,0,1,True,2
2025-12-02 05:39:00,677,6.83,0,3,0,2,0,0,1,True,6
2025-12-02 05:39:00,678,7.1,0,0,0,1,0,0,0,True,1
2025-12-02 05:39:00,679,7.51,0,1,0,2,0,0,1,True,4
2025-12-02 05:39:01,680,6.02,0,1,0,2,0,0,1,True,4
2025-12-02 05:39:01,681,6.79,0,1,0,1,0,0,1,True,3
2025-12-02 05:39:01,682,7.32,0,1,0,1,0,0,0,True,2
2025-12-02 05:39:01,683,6.92,0,1,0,2,0,0,1,True,4
2025-12-02 05:39:01,684,7.35,0,1,0,2,0,0,1,True,4
2025-12-02 05:39:01,685,6.77,0,2,1,1,0,0,1,True,5
2025-12-02 05:39:02,686,6.67,0,4,0,2,0,0,1,True,7
2025-12-02 05:39:02,687,4.17,0,1,0,2,0,0,0,True,3
2025-12-02 05:39:02,688,5.47,0,1,0,2,0,0,0,True,3
2025-12-02 05:39:02,689,5.04,0,1,0,2,0,0,0,True,3
2025-12-02 05:39:02,690,7.45,0,1,2,1,0,0,0,True,4
2025-12-02 05:39:03,691,7.46,0,1,0,2,0,0,0,True,3
2025-12-02 05:39:03,692,7.23,0,2,1,1,0,0,0,True,4
2025-12-02 05:39:03,693,6.94,0,2,1,1,0,0,0,True,4
2025-12-02 05:39:03,694,5.97,0,2,1,1,0,0,1,True,5
2025-12-02 05:39:03,695,4.9,0,1,1,1,0,0,1,True,4
2025-12-02 05:39:03,696,4.74,0,2,0,2,0,0,1,True,5
2025-12-02 05:39:04,697,4.75,0,2,1,1,0,0,1,True,5
2025-12-02 05:39:04,698,5.82,0,3,1,2,0,0,1,True,7
2025-12-02 05:39:04,699,6.85,0,2,1,1,0,0,1,True,5
2025-12-02 05:39:04,700,6.8,0,2,0,1,0,0,1,True,4
2025-12-02 05:39:04,701,6.82,0,1,0,1,0,0,1,True,3
2025-12-02 05:39:05,702,6.85,0,2,0,1,0,0,1,True,4
2025-12-02 05:39:05,703,6.73,0,2,0,1,0,0,1,True,4
2025-12-02 05:39:05,704,6.45,0,2,0,2,0,0,1,True,5
2025-12-02 05:39:05,705,3.65,0,1,0,2,0,0,1,True,4
2025-12-02 05:39:05,706,4.49,0,1,0,2,0,0,1,True,4
2025-12-02 05:39:06,707,4.35,1,2,0,1,0,0,1,True,5
2025-12-02 05:39:06,708,6.36,0,3,0,1,0,0,1,True,5
2025-12-02 05:39:06,709,7.02,0,2,0,1,0,0,1,True,4
2025-12-02 05:39:06,710,6.85,0,2,0,1,0,0,1,True,4
2025-12-02 05:39:06,711,7.23,0,2,0,1,0,0,1,True,4
2025-12-02 05:39:06,712,6.83,0,2,0,1,0,0,1,True,4
2025-12-02 05:39:07,713,6.81,0,2,0,1,0,0,1,True,4
2025-12-02 05:39:07,714,7.03,0,1,0,1,0,0,1,True,3
2025-12-02 05:39:07,715,6.45,0,0,0,1,0,0,1,True,2
2025-12-02 05:39:07,716,6.75,0,0,0,1,0,0,1,True,2
2025-12-02 05:39:07,717,7.35,0,1,0,1,0,0,1,True,3
2025-12-02 05:39:07,718,7.32,0,1,0,1,0,0,1,True,3
2025-12-02 05:39:07,719,7.35,0,0,0,1,0,0,1,True,2
2025-12-02 05:39:08,720,6.61,0,0,0,1,0,0,1,True,2
2025-12-02 05:39:08,721,7.22,0,0,0,1,0,0,1,True,2
2025-12-02 05:39:08,722,7.35,0,0,0,1,0,0,1,True,2
2025-12-02 05:39:08,723,6.72,0,2,0,2,0,0,1,True,5
2025-12-02 05:39:08,724,3.41,0,0,0,1,0,0,1,True,2
2025-12-02 05:39:09,725,5.64,0,0,0,1,0,0,1,True,2
2025-12-02 05:39:09,726,6.09,0,0,0,1,0,0,1,True,2
2025-12-02 05:39:09,727,5.54,0,3,0,1,0,0,1,True,5
2025-12-02 05:39:09,728,5.92,0,1,0,1,0,0,1,True,3
2025-12-02 05:39:09,729,6.71,0,3,0,1,0,0,1,True,5
2025-12-02 05:39:09,730,7.44,0,2,0,1,0,0,1,True,4
2025-12-02 05:39:10,731,6.85,0,4,0,1,0,0,1,True,6
2025-12-02 05:39:10,732,6.69,0,4,0,1,0,0,1,True,6
2025-12-02 05:39:10,733,6.79,0,6,0,1,0,0,1,True,8
2025-12-02 05:39:10,734,6.75,0,4,0,1,0,0,1,True,6
2025-12-02 05:39:10,735,7.22,0,3,0,1,0,0,1,True,5
2025-12-02 05:39:10,736,7.23,0,0,0,1,0,0,1,True,2
2025-12-02 05:39:11,737,7.23,0,4,0,1,0,0,1,True,6
2025-12-02 05:39:11,738,7.11,0,2,0,1,0,0,1,True,4
2025-12-02 05:39:11,739,7.04,0,2,0,2,0,0,1,True,5
2025-12-02 05:39:11,740,7.25,0,2,1,1,0,0,1,True,5
2025-12-02 05:39:11,741,7.35,0,2,0,1,0,0,1,True,4
2025-12-02 05:39:11,742,6.79,0,2,1,1,0,0,1,True,5
2025-12-02 05:39:11,743,7.31,0,2,0,1,0,0,1,True,4
2025-12-02 05:39:12,744,5.69,0,1,0,1,0,0,1,True,3
2025-12-02 05:39:12,745,5.19,0,1,1,1,0,0,1,True,4
2025-12-02 05:39:12,746,4.89,0,0,1,1,0,0,1,True,3
2025-12-02 05:39:12,747,5.34,0,0,1,1,0,0,1,True,3
2025-12-02 05:39:12,748,4.79,0,0,1,0,0,0,1,True,2
2025-12-02 05:39:13,749,5.88,0,0,1,1,0,0,1,True,3
2025-12-02 05:39:13,750,6.92,0,0,1,0,0,0,1,True,2
2025-12-02 05:39:13,751,7.35,0,0,1,0,0,0,1,True,2
2025-12-02 05:39:13,752,6.44,0,0,1,0,0,0,1,True,2
2025-12-02 05:39:13,753,6.71,0,0,1,1,0,0,1,True,3
2025-12-02 05:39:13,754,5.1,0,0,1,1,0,0,1,True,3
2025-12-02 05:39:14,755,6.02,0,1,1,1,0,0,1,True,4
2025-12-02 05:39:14,756,6.39,0,1,0,1,0,0,1,True,3
2025-12-02 05:39:14,757,6.52,0,0,0,1,0,0,1,True,2
2025-12-02 05:39:14,758,6.98,0,1,0,1,0,0,1,True,3
2025-12-02 05:39:14,759,6.71,0,1,0,1,0,0,1,True,3
2025-12-02 05:39:15,760,6.2,0,0,0,1,0,0,1,True,2
2025-12-02 05:39:15,761,6.36,0,3,0,1,0,0,1,True,5
2025-12-02 05:39:15,762,6.01,0,1,0,1,0,0,1,True,3
2025-12-02 05:39:15,763,5.35,0,1,0,1,0,0,1,True,3
2025-12-02 05:39:15,764,6.76,0,0,0,1,0,0,1,True,2
2025-12-02 05:39:15,765,7.01,0,1,1,1,0,0,1,True,4
2025-12-02 05:39:16,766,7.08,0,2,1,1,0,0,1,True,5
2025-12-02 05:39:16,767,7.08,0,2,0,1,0,0,1,True,4
2025-12-02 05:39:16,768,6.88,0,2,0,1,0,0,0,True,3
2025-12-02 05:39:16,769,6.98,0,1,0,1,0,0,0,True,2
2025-12-02 05:39:16,770,7.2,0,1,0,1,0,0,0,True,2
2025-12-02 05:39:16,771,6.8,0,2,0,2,0,0,0,True,4
2025-12-02 05:39:16,772,7.23,0,1,0,1,0,0,0,True,2
2025-12-02 05:39:17,773,6.32,0,1,0,1,0,0,0,True,2
2025-12-02 05:39:17,774,7.25,0,2,0,1,0,0,1,True,4
2025-12-02 05:39:17,775,6.37,0,3,0,2,0,0,0,True,5
2025-12-02 05:39:17,776,7.28,0,3,0,1,0,0,0,True,4
2025-12-02 05:39:17,777,7.23,0,3,0,1,0,0,1,True,5
2025-12-02 05:39:17,778,7.79,0,3,0,1,0,0,1,True,5
2025-12-02 05:39:18,779,6.59,0,3,0,1,0,0,1,True,5
2025-12-02 05:39:18,780,6.8,1,2,0,1,0,0,1,True,5
2025-12-02 05:39:18,781,7.44,0,1,0,1,0,0,1,True,3
2025-12-02 05:39:18,782,6.42,0,2,0,1,0,0,1,True,4
2025-12-02 05:39:18,783,4.09,0,2,0,1,0,0,1,True,4
2025-12-02 05:39:18,784,6.42,0,3,0,1,0,0,1,True,5
2025-12-02 05:39:19,785,5.37,0,3,0,1,0,0,1,True,5
2025-12-02 05:39:19,786,5.01,0,2,0,1,0,0,1,True,4
2025-12-02 05:39:19,787,4.36,0,2,0,1,0,0,1,True,4
2025-12-02 05:39:19,788,4.85,0,2,0,1,0,0,1,True,4
2025-12-02 05:39:19,789,5.69,0,2,1,1,0,0,1,True,5
2025-12-02 05:39:20,790,6.8,0,2,0,1,0,0,1,True,4
2025-12-02 05:39:20,791,7.48,0,3,1,1,0,0,1,True,6
2025-12-02 05:39:20,792,7.31,0,3,1,1,0,0,1,True,6
2025-12-02 05:39:20,793,6.8,0,2,0,1,0,0,1,True,4
2025-12-02 05:39:20,794,7.26,0,1,0,1,0,0,1,True,3
2025-12-02 05:39:20,795,6.63,0,2,0,1,0,0,1,True,4
2025-12-02 05:39:21,796,7.21,0,1,0,1,0,0,1,True,3
2025-12-02 05:39:21,797,7.44,0,1,0,1,0,0,1,True,3
2025-12-02 05:39:21,798,7.32,0,2,1,1,0,0,1,True,5
2025-12-02 05:39:21,799,7.61,1,2,1,1,0,0,1,True,6
2025-12-02 05:39:21,800,7.37,1,3,0,1,0,0,1,True,6
2025-12-02 05:39:21,801,7.26,1,1,0,1,0,0,1,True,4
2025-12-02 05:39:21,802,5.01,0,2,0,1,0,0,1,True,4
2025-12-02 05:39:22,803,4.94,1,1,0,1,0,0,1,True,4
2025-12-02 05:39:22,804,5.18,0,1,0,1,0,0,1,True,3
2025-12-02 05:39:22,805,4.57,1,2,0,1,0,0,1,True,5
2025-12-02 05:39:22,806,7.69,0,0,0,1,0,0,1,True,2
2025-12-02 05:39:22,807,7.29,0,0,0,1,0,0,1,True,2
2025-12-02 05:39:23,808,7.33,0,0,1,0,0,0,1,True,2
2025-12-02 05:39:23,809,7.17,0,0,1,0,0,0,1,True,2
2025-12-02 05:39:23,810,6.97,0,0,1,0,0,0,1,True,2
2025-12-02 05:39:23,811,7.31,0,0,1,0,0,0,1,True,2
2025-12-02 05:39:23,812,7.4,0,0,0,0,0,0,1,True,1
2025-12-02 05:39:23,813,7.2,0,0,0,0,0,0,1,True,1
2025-12-02 05:39:24,814,4.61,0,0,1,0,0,0,1,True,2
2025-12-02 05:39:24,815,6.72,0,0,0,1,0,0,1,True,2
2025-12-02 05:39:24,816,6.4,1,0,0,1,0,0,1,True,3
2025-12-02 05:39:24,817,7.14,0,0,0,0,0,0,1,True,1
2025-12-02 05:39:24,818,6.06,0,0,0,1,0,0,1,True,2
2025-12-02 05:39:24,819,5.94,1,0,0,1,0,0,1,True,3
2025-12-02 05:39:25,820,7.31,0,0,0,1,0,0,1,True,2
2025-12-02 05:39:25,821,5.98,0,0,0,1,0,0,1,True,2
2025-12-02 05:39:25,822,6.12,0,0,0,1,0,0,1,True,2
2025-12-02 05:39:25,823,6.88,0,0,0,1,0,0,1,True,2
2025-12-02 05:39:25,824,7.2,0,0,0,0,0,0,1,True,1
2025-12-02 05:39:25,825,7.26,0,0,0,1,0,0,1,True,2
2025-12-02 05:39:26,826,6.91,0,0,0,0,0,0,0,True,0
2025-12-02 05:39:26,827,7.34,0,5,0,0,0,0,0,True,5
2025-12-02 05:39:26,828,7.05,0,4,0,0,0,0,0,True,4
2025-12-02 05:39:26,829,6.72,0,3,0,1,0,0,0,True,4
2025-12-02 05:39:26,830,6.48,0,5,0,0,0,0,0,True,5
2025-12-02 05:39:26,831,7.41,0,3,0,0,0,0,0,True,3
2025-12-02 05:39:26,832,6.92,0,3,0,0,0,0,0,True,3
2025-12-02 05:39:27,833,7.4,0,4,0,0,0,0,0,True,4
2025-12-02 05:39:27,834,6.9,0,4,0,0,0,0,0,True,4
2025-12-02 05:39:27,835,7.26,0,5,0,0,0,0,0,True,5
2025-12-02 05:39:27,836,7.75,0,3,0,0,0,0,0,True,3
2025-12-02 05:39:27,837,6.4,0,2,0,0,0,0,0,True,2
2025-12-02 05:39:27,838,6.93,0,3,1,0,0,0,1,True,5
2025-12-02 05:39:28,839,6.71,0,2,1,0,0,0,1,True,4
2025-12-02 05:39:28,840,7.47,0,0,0,0,0,0,1,True,1
2025-12-02 05:39:28,841,7.31,0,0,0,0,0,0,0,True,0
2025-12-02 05:39:28,842,6.2,0,0,0,0,0,0,0,True,0
2025-12-02 05:39:28,843,5.96,0,0,0,0,0,0,0,True,0
2025-12-02 05:39:28,844,5.2,0,0,0,0,0,0,0,True,0
2025-12-02 05:39:29,845,5.19,0,0,0,1,0,0,0,True,1
2025-12-02 05:39:29,846,4.59,0,0,0,1,0,0,0,True,1
2025-12-02 05:39:29,847,7.03,0,0,0,0,0,0,0,True,0
2025-12-02 05:39:29,848,7.49,0,1,0,0,0,0,0,True,1
2025-12-02 05:39:29,849,6.91,0,1,0,0,0,0,0,True,1
2025-12-02 05:39:29,850,6.82,0,1,0,0,0,0,0,True,1
2025-12-02 05:39:30,851,7.0,0,1,0,0,0,0,0,True,1
2025-12-02 05:39:30,852,7.52,0,2,0,0,0,0,0,True,2
2025-12-02 05:39:30,853,7.07,0,2,0,0,0,0,0,True,2
2025-12-02 05:39:30,854,7.85,0,1,0,0,0,0,0,True,1
2025-12-02 05:39:30,855,7.44,0,2,0,0,0,0,0,True,2
2025-12-02 05:39:30,856,6.85,0,4,0,0,0,0,0,True,4
2025-12-02 05:39:30,857,7.29,0,3,0,0,0,0,0,True,3
2025-12-02 05:39:31,858,7.24,0,2,0,0,0,0,0,True,2
2025-12-02 05:39:31,859,6.46,0,4,0,0,0,0,0,True,4
2025-12-02 05:39:31,860,6.65,0,4,0,0,0,0,0,True,4
2025-12-02 05:39:31,861,6.82,0,4,0,0,0,0,0,True,4
2025-12-02 05:39:31,862,5.1,0,4,0,0,0,0,0,True,4
2025-12-02 05:39:32,863,6.06,0,2,0,0,0,0,0,True,2
2025-12-02 05:39:32,864,7.23,0,1,0,0,0,0,0,True,1
2025-12-02 05:39:32,865,6.8,0,1,0,0,0,0,0,True,1
2025-12-02 05:39:32,866,7.07,0,1,0,0,0,0,0,True,1
2025-12-02 05:39:32,867,6.81,0,0,0,1,0,0,0,True,1
2025-12-02 05:39:32,868,7.25,0,1,0,0,0,0,0,True,1
2025-12-02 05:39:32,869,7.51,0,1,0,0,0,0,0,True,1
2025-12-02 05:39:33,870,7.46,0,2,0,0,0,0,0,True,2
2025-12-02 05:39:33,871,7.36,0,1,0,0,0,0,0,True,1
2025-12-02 05:39:33,872,7.3,0,4,0,0,0,0,0,True,4
2025-12-02 05:39:33,873,6.74,0,5,0,0,0,0,0,True,5
2025-12-02 05:39:33,874,5.85,0,9,0,0,0,0,0,True,9
2025-12-02 05:39:33,875,5.2,0,8,0,0,0,0,0,True,8
2025-12-02 05:39:34,876,5.87,0,9,0,0,0,0,0,True,9
2025-12-02 05:39:34,877,5.69,0,9,0,0,0,0,0,True,9
2025-12-02 05:39:34,878,7.29,0,9,0,0,0,0,0,True,9
2025-12-02 05:39:34,879,7.1,0,10,0,0,0,0,0,True,10
2025-12-02 05:39:34,880,6.8,0,7,0,0,0,0,0,True,7
2025-12-02 05:39:34,881,7.22,1,7,0,0,0,0,0,True,8
2025-12-02 05:39:35,882,5.69,0,6,0,0,0,0,0,True,6
2025-12-02 05:39:35,883,5.58,0,5,0,0,0,0,0,True,5
2025-12-02 05:39:35,884,6.31,0,4,0,0,0,0,0,True,4
2025-12-02 05:39:35,885,6.98,0,6,1,0,0,0,0,True,7
2025-12-02 05:39:35,886,7.41,0,5,0,0,0,0,0,True,5
2025-12-02 05:39:35,887,7.2,0,6,0,0,0,0,0,True,6
2025-12-02 05:39:36,888,4.88,0,5,0,0,0,0,0,True,5
2025-12-02 05:39:36,889,6.69,0,6,0,1,0,0,0,True,7
2025-12-02 05:39:36,890,7.27,0,0,0,2,0,0,0,True,2
2025-12-02 05:39:36,891,7.43,1,0,0,2,0,0,0,True,3
2025-12-02 05:39:36,892,7.2,0,0,0,1,0,0,0,True,1
2025-12-02 05:39:36,893,7.22,0,0,0,1,0,0,0,True,1
2025-12-02 05:39:37,894,7.29,0,0,0,1,0,0,0,True,1
2025-12-02 05:39:37,895,7.23,0,0,0,1,0,0,0,True,1
2025-12-02 05:39:37,896,7.48,0,0,0,2,0,0,0,True,2
2025-12-02 05:39:37,897,6.65,0,0,0,1,0,0,0,True,1
2025-12-02 05:39:37,898,7.28,0,0,0,2,0,0,0,True,2
2025-12-02 05:39:37,899,7.38,0,0,0,1,0,0,0,True,1
2025-12-02 05:39:37,900,6.88,0,0,0,1,0,0,0,True,1
2025-12-02 05:39:38,901,6.46,0,1,0,1,0,0,0,True,2
2025-12-02 05:39:38,902,5.43,0,1,0,1,0,0,0,True,2
2025-12-02 05:39:38,903,4.52,0,1,0,1,0,0,0,True,2
2025-12-02 05:39:38,904,5.91,0,0,0,1,0,0,0,True,1
2025-12-02 05:39:38,905,5.0,0,1,0,1,0,0,0,True,2
2025-12-02 05:39:39,906,4.51,0,2,0,1,0,0,0,True,3
2025-12-02 05:39:39,907,5.08,0,1,0,1,0,0,0,True,2
2025-12-02 05:39:39,908,6.11,0,0,0,2,0,0,0,True,2
2025-12-02 05:39:39,909,5.32,1,1,0,1,0,0,0,True,3
2025-12-02 05:39:39,910,6.95,0,0,0,1,0,0,0,True,1
2025-12-02 05:39:40,911,7.26,0,0,0,1,0,0,1,True,2
2025-12-02 05:39:40,912,7.69,0,2,0,1,0,0,1,True,4
2025-12-02 05:39:40,913,7.82,0,0,0,1,0,0,1,True,2
2025-12-02 05:39:40,914,6.66,0,0,0,1,0,0,0,True,1
2025-12-02 05:39:40,915,6.24,0,0,0,1,0,0,0,True,1
2025-12-02 05:39:40,916,6.27,0,0,0,1,0,0,0,True,1
2025-12-02 05:39:40,917,6.84,0,0,0,1,0,0,0,True,1
2025-12-02 05:39:41,918,5.64,0,0,0,1,0,0,0,True,1
2025-12-02 05:39:41,919,7.29,0,0,0,1,0,0,0,True,1
2025-12-02 05:39:41,920,6.9,0,0,0,1,0,0,0,True,1
2025-12-02 05:39:41,921,6.09,0,1,0,1,0,0,0,True,2
2025-12-02 05:39:41,922,6.02,0,0,0,1,0,0,0,True,1
2025-12-02 05:39:41,923,6.93,0,0,0,1,0,0,0,True,1
2025-12-02 05:39:42,924,7.29,0,1,0,1,0,0,0,True,2
2025-12-02 05:39:42,925,6.89,1,1,0,1,0,0,0,True,3
2025-12-02 05:39:42,926,7.26,1,1,0,1,0,0,0,True,3
2025-12-02 05:39:42,927,6.86,0,1,0,1,0,0,1,True,3
2025-12-02 05:39:42,928,6.79,0,1,0,1,0,0,0,True,2
2025-12-02 05:39:42,929,7.18,0,2,0,1,0,0,1,True,4
2025-12-02 05:39:43,930,6.66,0,0,1,0,0,0,1,True,2
2025-12-02 05:39:43,931,6.87,0,0,0,1,0,0,1,True,2
2025-12-02 05:39:43,932,6.36,0,0,1,0,0,0,1,True,2
2025-12-02 05:39:43,933,5.13,1,0,1,0,0,0,1,True,3
2025-12-02 05:39:43,934,7.29,0,0,1,0,0,0,0,True,1
2025-12-02 05:39:43,935,7.35,1,0,1,0,0,0,1,True,3
2025-12-02 05:39:44,936,6.75,0,0,1,0,0,0,1,True,2
2025-12-02 05:39:44,937,7.51,0,0,0,1,0,0,1,True,2
2025-12-02 05:39:44,938,6.94,0,0,0,1,0,0,1,True,2
2025-12-02 05:39:44,939,6.8,0,2,0,1,0,0,1,True,4
2025-12-02 05:39:44,940,7.15,0,1,0,1,0,0,1,True,3
2025-12-02 05:39:44,941,6.58,0,4,0,1,0,0,1,True,6
2025-12-02 05:39:45,942,5.4,0,5,0,2,0,0,1,True,8
2025-12-02 05:39:45,943,6.86,0,5,0,1,0,0,1,True,7
2025-12-02 05:39:45,944,6.57,0,2,0,2,0,0,1,True,5
2025-12-02 05:39:45,945,7.14,0,2,0,1,0,0,1,True,4
2025-12-02 05:39:45,946,5.04,0,1,0,1,0,0,1,True,3
2025-12-02 05:39:45,947,4.54,0,0,0,1,0,0,1,True,2
2025-12-02 05:39:46,948,4.89,0,0,0,1,0,0,1,True,2
2025-12-02 05:39:46,949,6.52,0,0,0,2,0,0,1,True,3
2025-12-02 05:39:46,950,6.95,0,2,0,2,0,0,1,True,5
2025-12-02 05:39:46,951,6.89,0,4,0,2,0,0,1,True,7
2025-12-02 05:39:46,952,6.88,0,2,0,2,0,0,1,True,5
2025-12-02 05:39:46,953,6.85,0,5,0,2,0,0,1,True,8
2025-12-02 05:39:47,954,6.94,0,6,0,2,0,0,1,True,9
2025-12-02 05:39:47,955,7.39,0,5,0,1,0,0,1,True,7
2025-12-02 05:39:47,956,6.82,0,5,0,2,0,0,1,True,8
2025-12-02 05:39:47,957,6.27,0,4,0,1,0,0,1,True,6
2025-12-02 05:39:47,958,6.9,0,5,0,1,0,0,1,True,7
2025-12-02 05:39:47,959,5.28,0,5,0,2,0,0,1,True,8
2025-12-02 05:39:48,960,5.4,0,4,0,1,0,0,1,True,6
2025-12-02 05:39:48,961,4.8,0,4,0,2,0,0,1,True,7
2025-12-02 05:39:48,962,5.65,0,5,0,1,0,0,1,True,7
2025-12-02 05:39:48,963,4.97,0,3,0,1,0,0,1,True,5
2025-12-02 05:39:49,964,4.8,0,3,0,1,0,0,1,True,5
2025-12-02 05:39:49,965,4.65,0,0,0,0,0,0,0,True,0
2025-12-02 05:39:49,966,5.11,1,0,0,0,0,0,0,True,1
2025-12-02 05:39:49,967,4.54,0,0,0,0,0,0,0,True,0
2025-12-02 05:39:49,968,4.62,0,0,0,0,0,0,0,True,0
2025-12-02 05:39:50,969,5.73,0,0,0,0,0,0,0,True,0
2025-12-02 05:39:50,970,6.55,0,0,0,0,0,0,0,True,0
2025-12-02 05:39:50,971,7.12,0,0,0,0,0,0,0,True,0
2025-12-02 05:39:50,972,6.26,0,0,0,0,0,0,0,True,0
2025-12-02 05:39:50,973,6.46,0,0,0,0,0,0,0,True,0
2025-12-02 05:39:50,974,6.43,0,0,0,0,0,0,0,True,0
2025-12-02 05:39:51,975,7.54,0,0,0,0,0,0,0,True,0
2025-12-02 05:39:51,976,6.38,0,0,0,0,0,0,0,True,0
2025-12-02 05:39:51,977,6.26,0,0,0,0,0,0,0,True,0
2025-12-02 05:39:51,978,5.73,0,0,0,0,0,0,0,True,0
2025-12-02 05:39:51,979,5.74,0,0,0,0,0,0,0,True,0
2025-12-02 05:39:51,980,7.2,0,0,0,0,0,0,0,True,0
2025-12-02 05:39:52,981,7.14,0,0,0,0,0,0,0,True,0
2025-12-02 05:39:52,982,6.85,0,0,0,0,0,0,0,True,0
2025-12-02 05:39:52,983,6.32,0,0,0,0,0,0,0,True,0
2025-12-02 05:39:52,984,7.74,0,0,0,0,0,0,0,True,0
2025-12-02 05:39:52,985,7.43,0,0,0,0,0,0,0,True,0
2025-12-02 05:39:52,986,6.85,0,0,0,0,0,0,0,True,0
2025-12-02 05:39:52,987,6.86,0,1,0,0,0,0,0,True,1
2025-12-02 05:39:53,988,7.72,0,0,0,0,0,0,0,True,0
2025-12-02 05:39:53,989,7.23,0,0,0,0,0,0,0,True,0
2025-12-02 05:39:53,990,5.12,0,0,0,0,0,0,0,True,0
2025-12-02 05:39:53,991,6.9,0,0,0,0,0,0,0,True,0
2025-12-02 05:39:53,992,7.46,0,0,0,0,0,0,0,True,0
2025-12-02 05:39:53,993,7.89,0,0,0,0,0,0,0,True,0
2025-12-02 05:39:54,994,7.04,0,0,0,0,0,0,0,True,0
2025-12-02 05:39:54,995,7.42,0,1,0,0,0,0,0,True,1
2025-12-02 05:39:54,996,6.87,0,0,0,0,0,0,0,True,0
2025-12-02 05:39:54,997,6.94,0,1,0,0,0,0,0,True,1
2025-12-02 05:39:54,998,6.64,0,0,0,0,0,0,0,True,0
2025-12-02 05:39:54,999,5.09,0,2,0,0,0,0,0,True,2
2025-12-02 05:39:55,1000,6.83,0,0,0,0,0,0,0,True,0
2025-12-02 05:39:55,1001,7.28,0,0,0,0,0,0,0,True,0
2025-12-02 05:39:55,1002,6.86,0,0,0,0,0,0,0,True,0
2025-12-02 05:39:55,1003,6.78,0,0,0,0,0,0,0,True,0
2025-12-02 05:39:55,1004,7.93,0,1,0,0,0,0,0,True,1
2025-12-02 05:39:55,1005,7.81,0,0,0,0,0,0,0,True,0
2025-12-02 05:39:55,1006,6.83,0,0,0,0,0,0,0,True,0
2025-12-02 05:39:56,1007,6.79,0,0,0,0,0,0,0,True,0
2025-12-02 05:39:56,1008,6.98,0,0,0,0,0,0,0,True,0
2025-12-02 05:39:56,1009,6.82,0,0,0,0,0,0,1,True,1
2025-12-02 05:39:56,1010,6.72,0,0,0,0,0,0,0,True,0
2025-12-02 05:39:56,1011,7.2,0,0,0,0,0,0,0,True,0
2025-12-02 05:39:56,1012,6.32,0,0,0,0,0,0,1,True,1
2025-12-02 05:39:57,1013,7.37,0,0,0,0,0,0,1,True,1
2025-12-02 05:39:57,1014,7.3,0,0,0,0,0,0,1,True,1
2025-12-02 05:39:57,1015,7.26,0,0,0,0,0,0,1,True,1
2025-12-02 05:39:57,1016,7.37,0,0,0,0,0,0,0,True,0
2025-12-02 05:39:57,1017,6.72,0,1,1,0,0,0,1,True,3
2025-12-02 05:39:57,1018,6.94,0,1,0,0,0,0,1,True,2
2025-12-02 05:39:58,1019,6.03,0,0,0,0,0,0,1,True,1
2025-12-02 05:39:58,1020,3.77,0,0,0,0,0,0,1,True,1
2025-12-02 05:39:58,1021,5.15,0,0,0,0,0,0,0,True,0
2025-12-02 05:39:58,1022,4.32,0,1,0,1,0,0,1,True,3
2025-12-02 05:39:58,1023,5.41,0,0,0,1,0,0,1,True,2
2025-12-02 05:39:59,1024,6.81,0,1,0,0,0,0,1,True,2
2025-12-02 05:39:59,1025,6.73,0,1,0,0,0,0,1,True,2
2025-12-02 05:39:59,1026,7.37,0,2,0,0,0,0,1,True,3
2025-12-02 05:39:59,1027,7.45,0,0,0,0,0,0,1,True,1
2025-12-02 05:39:59,1028,6.89,0,1,0,0,0,0,0,True,1
2025-12-02 05:39:59,1029,7.41,0,0,0,1,0,0,1,True,2
2025-12-02 05:40:00,1030,7.18,0,0,0,0,0,0,0,True,0
2025-12-02 05:40:00,1031,6.86,0,4,0,0,0,0,0,True,4
2025-12-02 05:40:00,1032,6.77,0,4,0,1,0,0,0,True,5
2025-12-02 05:40:00,1033,6.85,0,3,0,0,0,0,0,True,3
2025-12-02 05:40:00,1034,6.84,0,3,0,0,0,0,0,True,3
2025-12-02 05:40:00,1035,7.28,0,2,0,2,0,0,0,True,4
2025-12-02 05:40:00,1036,7.32,0,4,0,1,0,0,0,True,5
2025-12-02 05:40:01,1037,5.3,0,3,0,1,0,0,0,True,4
2025-12-02 05:40:01,1038,5.63,0,4,0,2,0,0,0,True,6
2025-12-02 05:40:01,1039,3.64,0,3,1,1,0,0,0,True,5
2025-12-02 05:40:01,1040,5.41,0,2,0,1,0,0,0,True,3
2025-12-02 05:40:02,1041,4.63,0,1,0,1,0,0,0,True,2
2025-12-02 05:40:02,1042,4.92,0,3,0,1,0,0,0,True,4
2025-12-02 05:40:02,1043,5.28,0,2,0,1,0,0,0,True,3
2025-12-02 05:40:02,1044,5.21,0,1,0,1,0,0,0,True,2
2025-12-02 05:40:02,1045,5.4,0,4,0,1,0,0,0,True,5
2025-12-02 05:40:03,1046,5.21,0,3,0,1,0,0,0,True,4
2025-12-02 05:40:03,1047,4.65,0,2,0,1,0,0,1,True,4
2025-12-02 05:40:03,1048,5.84,0,2,0,1,0,0,1,True,4
2025-12-02 05:40:03,1049,4.5,0,2,0,1,0,0,0,True,3
2025-12-02 05:40:03,1050,5.06,0,2,0,1,0,0,0,True,3
2025-12-02 05:40:04,1051,5.87,0,2,0,1,0,0,0,True,3
2025-12-02 05:40:04,1052,7.36,0,3,0,0,0,0,0,True,3
2025-12-02 05:40:04,1053,6.96,0,1,0,0,0,0,0,True,1
2025-12-02 05:40:04,1054,7.62,0,3,0,0,0,0,0,True,3
2025-12-02 05:40:04,1055,5.17,0,3,0,0,0,0,0,True,3
2025-12-02 05:40:04,1056,6.45,0,1,0,0,0,0,0,True,1
2025-12-02 05:40:05,1057,6.89,0,5,0,0,0,0,0,True,5
2025-12-02 05:40:05,1058,7.18,0,1,1,1,0,0,0,True,3
2025-12-02 05:40:05,1059,7.19,0,2,1,1,0,0,0,True,4
2025-12-02 05:40:05,1060,7.25,1,3,0,1,0,0,1,True,6
2025-12-02 05:40:05,1061,6.8,0,1,0,1,0,0,1,True,3
2025-12-02 05:40:05,1062,6.91,0,1,1,0,0,0,1,True,3
2025-12-02 05:40:06,1063,7.51,0,1,0,1,0,0,1,True,3
2025-12-02 05:40:06,1064,4.58,0,1,1,1,0,0,1,True,4
2025-12-02 05:40:06,1065,7.21,1,1,0,1,0,0,1,True,4
2025-12-02 05:40:06,1066,7.38,0,0,0,1,0,0,1,True,2
2025-12-02 05:40:06,1067,6.64,0,0,0,1,0,0,1,True,2
2025-12-02 05:40:06,1068,7.37,0,1,0,0,0,0,1,True,2
2025-12-02 05:40:07,1069,6.79,0,0,0,0,0,0,1,True,1
2025-12-02 05:40:07,1070,6.75,0,0,0,1,0,0,0,True,1
2025-12-02 05:40:07,1071,6.85,0,1,0,1,0,0,0,True,2
2025-12-02 05:40:07,1072,7.25,0,3,0,1,0,0,0,True,4
2025-12-02 05:40:07,1073,7.3,0,3,0,1,0,0,0,True,4
2025-12-02 05:40:07,1074,7.42,0,3,1,1,0,0,1,True,6
2025-12-02 05:40:07,1075,7.84,0,3,0,1,0,0,0,True,4
2025-12-02 05:40:08,1076,5.82,0,4,0,1,0,0,1,True,6
2025-12-02 05:40:08,1077,6.82,0,2,0,1,0,0,1,True,4
2025-12-02 05:40:08,1078,6.58,0,1,0,1,0,0,1,True,3
2025-12-02 05:40:08,1079,6.03,0,1,0,1,0,0,0,True,2
2025-12-02 05:40:08,1080,4.36,0,2,0,1,0,0,1,True,4
2025-12-02 05:40:09,1081,4.83,0,5,0,1,0,0,0,True,6
2025-12-02 05:40:09,1082,5.84,0,5,0,2,0,0,0,True,7
2025-12-02 05:40:09,1083,7.27,0,6,0,1,0,0,1,True,8
2025-12-02 05:40:09,1084,6.78,0,5,0,1,0,0,1,True,7
2025-12-02 05:40:09,1085,7.33,0,1,0,1,0,0,1,True,3
2025-12-02 05:40:09,1086,7.31,0,3,0,1,0,0,1,True,5
2025-12-02 05:40:10,1087,7.51,0,8,0,1,0,0,0,True,9
2025-12-02 05:40:10,1088,7.46,0,7,0,1,0,0,0,True,8
2025-12-02 05:40:10,1089,6.25,0,7,0,1,0,0,0,True,8
2025-12-02 05:40:10,1090,7.27,0,5,0,2,0,0,1,True,8
2025-12-02 05:40:10,1091,7.63,0,5,0,1,0,0,1,True,7
2025-12-02 05:40:10,1092,6.54,0,5,0,0,0,0,1,True,6
2025-12-02 05:40:10,1093,6.92,0,6,0,2,0,0,0,True,8
2025-12-02 05:40:11,1094,6.81,0,7,1,0,0,0,1,True,9
2025-12-02 05:40:11,1095,6.34,0,6,1,0,0,0,1,True,8
2025-12-02 05:40:11,1096,5.72,0,10,0,1,0,0,0,True,11
2025-12-02 05:40:11,1097,6.95,0,10,0,1,0,0,0,True,11
2025-12-02 05:40:11,1098,7.39,0,9,0,1,0,0,0,True,10
2025-12-02 05:40:11,1099,7.32,0,12,0,1,0,0,0,True,13
2025-12-02 05:40:12,1100,7.45,0,11,0,1,0,0,0,True,12
2025-12-02 05:40:12,1101,7.26,0,9,0,1,0,0,0,True,10
2025-12-02 05:40:12,1102,6.9,0,10,0,1,0,0,0,True,11
2025-12-02 05:40:12,1103,6.21,0,9,0,1,0,0,0,True,10
2025-12-02 05:40:12,1104,6.82,0,9,0,1,0,0,0,True,10
2025-12-02 05:40:12,1105,6.74,0,9,0,0,1,0,0,True,10
2025-12-02 05:40:13,1106,7.89,0,9,0,2,0,0,0,True,11
2025-12-02 05:40:13,1107,6.32,0,11,0,2,1,0,0,True,14
2025-12-02 05:40:13,1108,6.09,0,10,0,2,0,0,0,True,12
2025-12-02 05:40:13,1109,4.35,0,11,0,0,0,0,0,True,11
2025-12-02 05:40:13,1110,4.99,0,9,0,0,0,0,0,True,9
2025-12-02 05:40:14,1111,5.34,0,10,0,1,0,0,0,True,11
2025-12-02 05:40:14,1112,7.01,0,12,0,0,0,0,0,True,12
2025-12-02 05:40:14,1113,6.92,0,8,0,0,0,0,0,True,8
2025-12-02 05:40:14,1114,6.75,0,10,0,0,0,0,0,True,10
2025-12-02 05:40:14,1115,6.04,0,13,0,1,0,0,0,True,14
2025-12-02 05:40:14,1116,6.52,0,10,0,1,0,0,0,True,11
2025-12-02 05:40:14,1117,7.28,0,10,0,1,0,0,0,True,11
2025-12-02 05:40:15,1118,7.16,0,11,0,1,0,0,0,True,12
2025-12-02 05:40:15,1119,7.15,0,14,0,2,0,0,0,True,16
2025-12-02 05:40:15,1120,7.13,0,11,0,1,0,0,0,True,12
2025-12-02 05:40:15,1121,6.41,0,12,0,1,0,0,0,True,13
2025-12-02 05:40:15,1122,7.08,0,10,0,1,0,0,0,True,11
2025-12-02 05:40:15,1123,6.7,0,14,0,0,0,0,0,True,14
2025-12-02 05:40:16,1124,7.12,0,12,0,0,0,0,0,True,12
2025-12-02 05:40:16,1125,7.21,0,10,0,0,0,0,0,True,10
2025-12-02 05:40:16,1126,7.04,0,9,0,0,0,0,0,True,9
2025-12-02 05:40:16,1127,6.95,0,12,0,0,0,0,0,True,12
2025-12-02 05:40:16,1128,6.35,0,13,0,1,0,0,0,True,14
2025-12-02 05:40:16,1129,6.77,0,13,0,0,0,0,0,True,13
2025-12-02 05:40:17,1130,5.75,0,15,0,0,0,0,0,True,15
2025-12-02 05:40:17,1131,5.21,0,12,0,0,0,0,0,True,12
2025-12-02 05:40:17,1132,5.38,0,11,0,0,0,0,0,True,11
2025-12-02 05:40:17,1133,5.98,0,11,0,0,0,0,0,True,11
2025-12-02 05:40:17,1134,5.19,0,11,0,0,0,0,0,True,11
2025-12-02 05:40:18,1135,3.67,0,12,0,0,0,0,0,True,12
2025-12-02 05:40:18,1136,4.43,0,9,0,0,0,0,0,True,9
2025-12-02 05:40:18,1137,4.25,0,9,0,0,0,0,0,True,9
2025-12-02 05:40:18,1138,6.07,0,10,0,0,0,0,0,True,10
2025-12-02 05:40:18,1139,6.71,0,9,0,0,0,0,0,True,9
2025-12-02 05:40:19,1140,5.85,0,7,0,0,0,0,0,True,7
2025-12-02 05:40:19,1141,6.39,0,7,0,0,0,0,0,True,7
2025-12-02 05:40:19,1142,7.19,0,8,0,0,0,0,0,True,8
2025-12-02 05:40:19,1143,6.18,0,6,0,0,0,0,0,True,6
2025-12-02 05:40:19,1144,6.89,1,6,0,0,0,0,0,True,7
2025-12-02 05:40:19,1145,6.79,0,5,0,0,0,0,0,True,5
2025-12-02 05:40:20,1146,6.57,0,4,0,0,0,0,0,True,4
2025-12-02 05:40:20,1147,6.77,0,3,0,0,0,0,0,True,3
2025-12-02 05:40:20,1148,7.08,0,1,0,0,0,0,0,True,1
2025-12-02 05:40:20,1149,6.81,0,2,0,0,0,0,0,True,2
2025-12-02 05:40:20,1150,7.71,0,4,0,0,0,0,0,True,4
2025-12-02 05:40:20,1151,5.62,0,6,0,0,0,0,0,True,6
2025-12-02 05:40:21,1152,6.97,1,4,0,0,0,0,0,True,5
2025-12-02 05:40:21,1153,5.03,0,4,0,0,0,0,0,True,4
2025-12-02 05:40:21,1154,6.21,0,4,0,0,0,0,0,True,4
2025-12-02 05:40:21,1155,7.31,0,2,0,0,0,0,0,True,2
2025-12-02 05:40:21,1156,7.22,0,1,0,0,0,0,0,True,1
2025-12-02 05:40:21,1157,7.82,0,2,0,0,0,0,0,True,2
2025-12-02 05:40:22,1158,6.86,0,1,0,0,0,0,0,True,1
2025-12-02 05:40:22,1159,7.27,0,2,0,0,0,0,0,True,2
2025-12-02 05:40:22,1160,6.59,0,1,0,0,0,0,0,True,1
2025-12-02 05:40:22,1161,7.11,0,1,0,0,0,0,0,True,1
2025-12-02 05:40:22,1162,7.16,0,1,0,0,0,0,0,True,1
2025-12-02 05:40:22,1163,7.15,0,1,0,0,0,0,0,True,1
2025-12-02 05:40:23,1164,6.26,0,1,0,0,0,0,0,True,1
